{
    "algorithm": "Advanced NSGA-II",
    "runtime": 112.26520776748657,
    "solutions": [
        {
            "index": 1,
            "makespan": 62.0,
            "load_balance": 1.9507833184532708,
            "idle_time": 182.0,
            "schedule": [
                [
                    1,
                    2,
                    3,
                    1,
                    5,
                    1
                ],
                [
                    0,
                    4,
                    4,
                    2,
                    2,
                    5
                ],
                [
                    0,
                    3,
                    4,
                    4,
                    3,
                    5
                ],
                [
                    0,
                    0,
                    1,
                    0,
                    0,
                    1
                ],
                [
                    2,
                    4,
                    3,
                    4,
                    5,
                    1
                ],
                [
                    2,
                    2,
                    4,
                    0,
                    1,
                    5
                ],
                [
                    3,
                    4,
                    4,
                    3,
                    4
                ],
                [
                    2,
                    2,
                    0,
                    4,
                    4,
                    0
                ],
                [
                    1,
                    2,
                    5,
                    1,
                    2
                ],
                [
                    3,
                    3,
                    4,
                    3,
                    5,
                    5
                ]
            ]
        },
        {
            "index": 2,
            "makespan": 61.0,
            "load_balance": 2.1343747458109497,
            "idle_time": 174.0,
            "schedule": [
                [
                    1,
                    2,
                    3,
                    1,
                    5,
                    1
                ],
                [
                    0,
                    4,
                    4,
                    2,
                    2,
                    5
                ],
                [
                    0,
                    3,
                    4,
                    4,
                    3,
                    5
                ],
                [
                    0,
                    0,
                    1,
                    0,
                    1,
                    1
                ],
                [
                    2,
                    4,
                    3,
                    4,
                    5,
                    1
                ],
                [
                    2,
                    2,
                    4,
                    0,
                    1,
                    5
                ],
                [
                    3,
                    4,
                    4,
                    3,
                    4
                ],
                [
                    2,
                    2,
                    0,
                    2,
                    4,
                    0
                ],
                [
                    1,
                    2,
                    5,
                    1,
                    2
                ],
                [
                    3,
                    3,
                    4,
                    3,
                    5,
                    5
                ]
            ]
        },
        {
            "index": 3,
            "makespan": 61.0,
            "load_balance": 2.309401076758503,
            "idle_time": 171.0,
            "schedule": [
                [
                    1,
                    2,
                    3,
                    1,
                    5,
                    1
                ],
                [
                    0,
                    4,
                    4,
                    2,
                    2,
                    5
                ],
                [
                    0,
                    3,
                    4,
                    4,
                    5,
                    5
                ],
                [
                    0,
                    0,
                    1,
                    0,
                    0,
                    1
                ],
                [
                    2,
                    4,
                    3,
                    4,
                    5,
                    1
                ],
                [
                    2,
                    2,
                    4,
                    0,
                    1,
                    5
                ],
                [
                    3,
                    4,
                    4,
                    3,
                    4
                ],
                [
                    2,
                    2,
                    0,
                    2,
                    4,
                    0
                ],
                [
                    1,
                    2,
                    5,
                    1,
                    2
                ],
                [
                    3,
                    3,
                    4,
                    3,
                    5,
                    5
                ]
            ]
        }
    ]
}