{
    "algorithm": "without Hybrid Init",
    "runtime": 103.20504999160767,
    "solutions": [
        {
            "index": 1,
            "makespan": 525.0,
            "load_balance": 18.98971761243437,
            "idle_time": 2848.0,
            "schedule": [
                [
                    3,
                    3,
                    6,
                    1,
                    5,
                    4,
                    4,
                    0,
                    4,
                    7
                ],
                [
                    2,
                    0,
                    1,
                    1,
                    0,
                    6,
                    3,
                    1,
                    7,
                    7
                ],
                [
                    4,
                    2,
                    3,
                    5,
                    5,
                    5,
                    3,
                    3,
                    0,
                    3
                ],
                [
                    2,
                    4,
                    1,
                    7,
                    5,
                    1,
                    4,
                    5,
                    0,
                    5
                ],
                [
                    6,
                    7,
                    4,
                    7,
                    2,
                    6,
                    7,
                    4,
                    4,
                    4
                ],
                [
                    1,
                    6,
                    3,
                    6,
                    5,
                    7,
                    7,
                    7,
                    4,
                    4
                ],
                [
                    1,
                    0,
                    1,
                    0,
                    5,
                    2,
                    4,
                    1,
                    2,
                    7
                ],
                [
                    6,
                    0,
                    3,
                    6,
                    0,
                    5,
                    3,
                    3,
                    3,
                    4
                ],
                [
                    0,
                    1,
                    6,
                    5,
                    5,
                    7,
                    4,
                    1,
                    1,
                    7
                ],
                [
                    0,
                    6,
                    4,
                    0,
                    0,
                    2,
                    4,
                    7,
                    7,
                    1
                ],
                [
                    3,
                    5,
                    6,
                    3,
                    5,
                    0,
                    4,
                    4,
                    4,
                    1
                ],
                [
                    3,
                    3,
                    6,
                    0,
                    0,
                    5,
                    4,
                    2,
                    3,
                    1
                ],
                [
                    4,
                    4,
                    3,
                    6,
                    6,
                    2,
                    7,
                    2,
                    5,
                    5
                ],
                [
                    6,
                    3,
                    3,
                    4,
                    4,
                    3,
                    6,
                    4,
                    1,
                    0
                ],
                [
                    2,
                    4,
                    5,
                    7,
                    6,
                    0,
                    2,
                    4,
                    3,
                    1
                ]
            ]
        },
        {
            "index": 2,
            "makespan": 521.0,
            "load_balance": 23.82193054729192,
            "idle_time": 2816.0,