{
    "algorithm": "NSGA-III",
    "runtime": 75.06797456741333,
    "solutions": [
        {
            "index": 1,
            "makespan": 224.0,
            "load_balance": 94.84715189304433,
            "idle_time": 1683.0,
            "schedule": [
                [
                    6,
                    0,
                    8,
                    0,
                    6,
                    0,
                    0,
                    8,
                    0,
                    4,
                    6,
                    3,
                    7,
                    8,
                    8
                ],
                [
                    9,
                    1,
                    5,
                    3,
                    6,
                    0,
                    3,
                    4,
                    8,
                    4,
                    0,
                    0,
                    0,
                    8,
                    1
                ],
                [
                    7,
                    6,
                    9,
                    6,
                    3,
                    0,
                    0,
                    6,
                    8,
                    5,
                    0,
                    9,
                    8,
                    5,
                    2
                ],
                [
                    4,
                    4,
                    1,
                    1,
                    6,
                    0,
                    6,
                    0,
                    6,
                    0,
                    5,
                    0,
                    6,
                    6,
                    3
                ],
                [
                    7,
                    7,
                    4,
                    8,
                    4,
                    1,
                    0,
                    8,
                    8,
                    0,
                    8,
                    6,
                    3,
                    7,
                    3
                ],
                [
                    2,
                    9,
                    4,
                    0,
                    4,
                    6,
                    0,
                    2,
                    8,
                    6,
                    0,
                    8,
                    0,
                    0,
                    3
                ],
                [
                    5,
                    9,
                    4,
                    9,
                    0,
                    0,
                    1,
                    6,
                    9,
                    0,
                    0,
                    6,
                    4,
                    3,
                    4
                ],
                [
                    8,
                    8,
                    2,
                    7,
                    5,
                    8,
                    9,
                    0,
                    0,
                    6,
                    9,
                    6,
                    9,
                    3,
                    6
                ],
                [
                    1,
                    8,
                    4,
                    8,
                    1,
                    6,
                    0,
                    9,
                    0,
                    0,
                    8,
                    8,
                    4,
                    0,
                    0
                ],
                [
                    7,
                    5,
                    7,
                    2,
                    6,
                    9,
                    6,
                    0,
                    8,
                    8,
                    0,
                    0,
                    1,
                    6,
                    0
                ]
            ]
        },
        {
            "index": 2,
            "makespan": 224.0,
            "load_balance": 94.71491728104691,
            "idle_time": 1689.0,