{
    "algorithm": "NSGA-III",
    "runtime": 70.90175819396973,
    "solutions": [
        {
            "index": 1,
            "makespan": 76.0,
            "load_balance": 4.6067583203617515,
            "idle_time": 250.0,
            "schedule": [
                [
                    0,
                    4,
                    2,
                    0,
                    2,
                    5
                ],
                [
                    1,
                    2,
                    0,
                    3,
                    0
                ],
                [
                    1,
                    2,
                    5,
                    5,
                    4
                ],
                [
                    1,
                    1,
                    2,
                    2,
                    5
                ],
                [
                    1,
                    0,
                    1,
                    0,
                    1,
                    1
                ],
                [
                    2,
                    0,
                    2,
                    1,
                    0,
                    0
                ],
                [
                    5,
                    3,
                    2,
                    4,
                    2
                ],
                [
                    5,
                    5,
                    5,
                    1,
                    3
                ],
                [
                    5,
                    4,
                    2,
                    0,
                    1,
                    1
                ],
                [
                    5,
                    2,
                    4,
                    5,
                    3,
                    0
                ]
            ]
        },
        {
            "index": 2,
            "makespan": 75.0,
            "load_balance": 5.024937810560445,
            "idle_time": 245.0,
            "schedule": [
                [
                    0,
                    4,
                    2,
                    0,
                    2,
                    5
                ],
                [
                    1,
                    2,
                    0,
                    3,
                    0
                ],
                [
                    1,
                    2,
                    5,
                    5,
                    4
                ],
                [
                    1,
                    1,
                    2,
                    2,
                    5
                ],
                [
                    1,
                    0,
                    1,
                    0,
                    1,
                    1
                ],
                [
                    2,
                    0,
                    2,
                    1,
                    0,
                    0
                ],
                [
                    5,
                    3,
                    2,
                    4,
                    2
                ],
                [
                    5,
                    5,
                    5,
                    1,
                    3
                ],
                [
                    5,
                    4,
                    2,
                    0,
                    1,
                    1
                ],
                [
                    5,
                    2,
                    4,
                    5,
                    3,
                    3
                ]
            ]
        },
        {
            "index": 3,
            "makespan": 78.0,
            "load_balance": 4.422166387140534,
            "idle_time": 262.0,
            "schedule": [
                [
                    0,
                    4,
                    2,
                    0,
                    2,
                    5
                ],
                [
                    1,
                    2,
                    0,
                    3,
                    0
                ],
                [
                    1,
                    2,
                    5,
                    5,
                    4
                ],
                [
                    1,
                    1,
                    2,
                    2,
                    5
                ],
                [
                    1,
                    0,
                    1,
                    0,
                    1,
                    1
                ],
                [
                    2,
                    0,
                    2,
                    1,
                    0,
                    0
                ],
                [
                    5,
                    3,
                    2,
                    4,
                    2
                ],
                [
                    5,
                    5,
                    5,
                    1,
                    3
                ],
                [
                    5,
                    4,
                    5,
                    0,
                    1,
                    1
                ],
                [
                    5,
                    2,
                    4,
                    5,
                    3,
                    0
                ]
            ]
        },
        {
            "index": 4,
            "makespan": 80.0,
            "load_balance": 4.358898943540674,
            "idle_time": 272.0,
            "schedule": [
                [
                    0,
                    4,
                    2,
                    0,
                    2,
                    5
                ],
                [
                    1,
                    2,
                    0,
                    3,
                    0
                ],
                [
                    1,
                    2,
                    5,
                    5,
                    4
                ],
                [
                    1,
                    1,
                    2,
                    2,
                    5
                ],
                [
                    1,
                    0,
                    1,
                    0,
                    1,
                    1
                ],
                [
                    2,
                    0,
                    2,
                    1,
                    0,
                    0
                ],
                [
                    5,
                    3,
                    2,
                    4,
                    2
                ],
                [
                    5,
                    5,
                    5,
                    1,
                    3
                ],
                [
                    5,
                    4,
                    2,
                    0,
                    1,
                    1
                ],
                [
                    2,
                    2,
                    4,
                    5,
                    3,
                    0
                ]
            ]
        }
    ]
}