{
    "algorithm": "without Archive",
    "runtime": 75.09577965736389,
    "solutions": [
        {
            "index": 1,
            "makespan": 155.0,
            "load_balance": 9.386659416427124,
            "idle_time": 843.0,
            "schedule": [
                [
                    0,
                    0,
                    2,
                    3,
                    2,
                    2,
                    4,
                    3
                ],
                [
                    5,
                    5,
                    0,
                    5,
                    1,
                    5,
                    6
                ],
                [
                    5,
                    1,
                    2,
                    3,
                    2,
                    3
                ],
                [
                    6,
                    0,
                    0,
                    5,
                    4
                ],
                [
                    6,
                    6,
                    2,
                    0,
                    0,
                    1,
                    4
                ],
                [
                    5,
                    2,
                    6,
                    5,
                    3,
                    0,
                    2,
                    5,
                    6
                ],
                [
                    4,
                    2,
                    5,
                    5,
                    5
                ],
                [
                    3,
                    4,
                    3,
                    5,
                    5,
                    6
                ],
                [
                    0,
                    0,
                    2,
                    0,
                    3,
                    3,
                    6,
                    2,
                    2
                ],
                [
                    4,
                    0,
                    6,
                    4,
                    6
                ],
                [
                    7,
                    0,
                    2,
                    6
                ],
                [
                    3,
                    5,
                    0,
                    0,
                    7,
                    6
                ],
                [
                    5,
                    2,
                    5,
                    4
                ],
                [
                    5,
                    5,
                    3
                ],
                [
                    4,
                    6,
                    0,
                    1,
                    2,
                    0
                ]
            ]
        },
        {
            "index": 2,
            "makespan": 155.0,
            "load_balance": 9.151502608861563,
            "idle_time": 847.0,
            "schedule": [
                [
                    0,
                    0,
                    2,
                    3,
                    2,
                    2,
                    4,
                    3
                ],
                [
                    5,
                    5,
                    0,
                    5,
                    1,
                    5,
                    6
                ],
                [
                    5,
                    1,
                    2,
                    3,
                    2,
                    3
                ],
                [
                    6,
                    0,
                    0,
                    5,
                    4
                ],
                [
                    6,
                    6,
                    2,
                    0,
                    0,
                    1,
                    4
                ],
                [
                    5,
                    2,
                    6,
                    5,
                    3,
                    0,
                    2,
                    5,
                    6
                ],
                [
                    4,
                    2,
                    5,
                    5,
                    2
                ],
                [
                    3,
                    4,
                    3,
                    5,
                    5,
                    6
                ],
                [
                    0,
                    0,
                    2,
                    0,
                    3,
                    3,
                    6,
                    2,
                    2
                ],
                [
                    4,
                    0,
                    6,
                    4,
                    6
                ],
                [
                    7,
                    0,
                    2,
                    6
                ],
                [
                    3,
                    5,
                    0,
                    0,
                    7,
                    6
                ],
                [
                    5,
                    2,
                    5,
                    5
                ],
                [
                    5,
                    5,
                    3
                ],
                [
                    4,
                    6,
                    0,
                    1,
                    2,
                    0
                ]
            ]
        },
        {
            "index": 3,
            "makespan": 155.0,
            "load_balance": 8.88731539892672,
            "idle_time": 849.0,