{
    "algorithm": "without kNN",
    "runtime": 88.83078122138977,
    "solutions": [
        {
            "index": 1,
            "makespan": 590.0,
            "load_balance": 9.867117106835208,
            "idle_time": 2043.0,
            "schedule": [
                [
                    1,
                    2,
                    1,
                    3,
                    4
                ],
                [
                    0,
                    2,
                    1,
                    4,
                    2
                ],
                [
                    0,
                    3,
                    3,
                    1,
                    4
                ],
                [
                    0,
                    2,
                    2,
                    0,
                    0
                ],
                [
                    0,
                    0,
                    2,
                    3,
                    3
                ],
                [
                    1,
                    0,
                    4,
                    1,
                    1
                ],
                [
                    3,
                    0,
                    1,
                    2,
                    3
                ],
                [
                    1,
                    2,
                    2,
                    1,
                    1
                ],
                [
                    2,
                    2,
                    4,
                    1,
                    4
                ],
                [
                    0,
                    4,
                    0,
                    3,
                    0
                ],
                [
                    3,
                    4,
                    2,
                    0,
                    4
                ],
                [
                    3,
                    3,
                    2,
                    4,
                    0
                ],
                [
                    0,
                    3,
                    1,
                    3,
                    4
                ],
                [
                    4,
                    2,
                    3,
                    0,
                    4
                ],
                [
                    3,
                    4,
                    4,
                    0,
                    4
                ],
                [
                    0,
                    3,
                    1,
                    4,
                    3
                ],
                [
                    1,
                    3,
                    2,
                    2,
                    4
                ],
                [
                    1,
                    0,
                    2,
                    2,
                    4
                ],
                [
                    0,
                    1,
                    0,
                    3,
                    0
                ],
                [
                    3,
                    1,
                    3,
                    4,
                    0
                ]
            ]
        },
        {
            "index": 2,
            "makespan": 302.0,
            "load_balance": 11.959933110180842,
            "idle_time": 599.0,
            "schedule": [
                [
                    1,
                    0,
                    1,
                    3,
                    2
                ],
                [
                    4,
                    4,
                    1,
                    4,
                    2
                ],
                [
                    1,
                    3,
                    2,
                    1,
                    2
                ],
                [
                    0,
                    3,
                    1,
                    1,
                    2
                ],
                [
                    4,
                    0,
                    4,
                    4,
                    3
                ],
                [
                    4,
                    0,
                    0,
                    0,
                    0
                ],
                [
                    3,
                    4,
                    1,
                    2,
                    1
                ],
                [
                    3,
                    0,
                    1,
                    1,
                    1
                ],
                [
                    4,
                    3,
                    4,
                    3,
                    0
                ],
                [
                    4,
                    4,
                    2,
                    3,
                    4
                ],
                [
                    3,
                    4,
                    4,
                    4,
                    4
                ],
                [
                    2,
                    2,
                    2,
                    3,
                    3
                ],
                [
                    0,
                    3,
                    3,
                    0,
                    1
                ],
                [
                    2,
                    2,
                    2,
                    2,
                    1
                ],
                [
                    4,
                    4,
                    4,
                    4,
                    4
                ],
                [
                    0,
                    3,
                    1,
                    4,
                    3
                ],
                [
                    0,
                    4,
                    0,
                    0,
                    0
                ],
                [
                    1,
                    1,
                    4,
                    0,
                    0
                ],
                [
                    2,
                    2,
                    1,
                    3,
                    4
                ],
                [
                    3,
                    1,
                    3,
                    4,
                    2
                ]
            ]
        },
        {
            "index": 3,
            "makespan": 311.0,
            "load_balance": 11.160645142642965,
            "idle_time": 632.0,