{
    "algorithm": "without Weight Schedule",
    "runtime": 79.55603814125061,
    "solutions": [
        {
            "index": 1,
            "makespan": 487.0,
            "load_balance": 19.440614702215566,
            "idle_time": 2776.0,
            "schedule": [
                [
                    3,
                    3,
                    6,
                    1,
                    5,
                    4,
                    4,
                    0,
                    1,
                    6
                ],
                [
                    2,
                    0,
                    1,
                    7,
                    0,
                    6,
                    3,
                    1,
                    7,
                    5
                ],
                [
                    4,
                    2,
                    2,
                    4,
                    7,
                    5,
                    0,
                    4,
                    0,
                    1
                ],
                [
                    2,
                    2,
                    3,
                    7,
                    6,
                    6,
                    4,
                    6,
                    0,
                    5
                ],
                [
                    6,
                    5,
                    4,
                    3,
                    0,
                    4,
                    4,
                    4,
                    2,
                    2
                ],
                [
                    1,
                    6,
                    3,
                    6,
                    0,
                    4,
                    3,
                    3,
                    4,
                    2
                ],
                [
                    1,
                    5,
                    1,
                    0,
                    5,
                    1,
                    4,
                    5,
                    2,
                    5
                ],
                [
                    7,
                    0,
                    6,
                    6,
                    7,
                    7,
                    1,
                    1,
                    3,
                    2
                ],
                [
                    0,
                    7,
                    6,
                    5,
                    6,
                    7,
                    4,
                    1,
                    2,
                    7
                ],
                [
                    0,
                    5,
                    4,
                    0,
                    0,
                    3,
                    5,
                    5,
                    7,
                    7
                ],
                [
                    1,
                    5,
                    6,
                    3,
                    5,
                    0,
                    2,
                    7,
                    7,
                    1
                ],
                [
                    3,
                    4,
                    6,
                    0,
                    0,
                    5,
                    4,
                    2,
                    3,
                    1
                ],
                [
                    7,
                    4,
                    3,
                    1,
                    6,
                    6,
                    3,
                    5,
                    5,
                    0
                ],
                [
                    7,
                    4,
                    1,
                    1,
                    4,
                    3,
                    6,
                    4,
                    0,
                    0
                ],
                [
                    2,
                    5,
                    5,
                    7,
                    6,
                    0,
                    2,
                    4,
                    3,
                    1
                ]
            ]
        },
        {
            "index": 2,
            "makespan": 488.0,
            "load_balance": 18.98971761243437,
            "idle_time": 2790.0,