{
    "algorithm": "without Archive",
    "runtime": 71.01624131202698,
    "solutions": [
        {
            "index": 1,
            "makespan": 61.0,
            "load_balance": 2.309401076758503,
            "idle_time": 171.0,
            "schedule": [
                [
                    1,
                    2,
                    3,
                    1,
                    5,
                    1
                ],
                [
                    0,
                    4,
                    4,
                    2,
                    2,
                    5
                ],
                [
                    0,
                    3,
                    4,
                    4,
                    5,
                    5
                ],
                [
                    0,
                    0,
                    1,
                    0,
                    0,
                    1
                ],
                [
                    2,
                    4,
                    3,
                    4,
                    5,
                    1
                ],
                [
                    2,
                    2,
                    4,
                    0,
                    1,
                    5
                ],
                [
                    3,
                    4,
                    4,
                    3,
                    4
                ],
                [
                    2,
                    2,
                    0,
                    2,
                    4,
                    0
                ],
                [
                    1,
                    2,
                    5,
                    1,
                    2
                ],
                [
                    3,
                    3,
                    4,
                    3,
                    5,
                    5
                ]
            ]
        },
        {
            "index": 2,
            "makespan": 63.0,
            "load_balance": 1.9507833184532708,
            "idle_time": 183.0,
            "schedule": [
                [
                    1,
                    2,
                    3,
                    1,
                    5,
                    1
                ],
                [
                    0,
                    4,
                    4,
                    2,
                    2,
                    5
                ],
                [
                    0,
                    3,
                    4,
                    4,
                    3,
                    5
                ],
                [
                    0,
                    0,
                    1,
                    0,
                    0,
                    1
                ],
                [
                    2,
                    4,
                    3,
                    4,
                    5,
                    1
                ],
                [
                    2,
                    2,
                    4,
                    0,
                    1,
                    5
                ],
                [
                    2,
                    4,
                    4,
                    3,
                    4
                ],
                [
                    2,
                    2,
                    0,
                    2,
                    4,
                    0
                ],
                [
                    1,
                    2,
                    5,
                    1,
                    2
                ],
                [
                    3,
                    3,
                    4,
                    3,
                    5,
                    5
                ]
            ]
        }
    ]
}