{
    "algorithm": "without Hybrid Init",
    "runtime": 131.2983477115631,
    "solutions": [
        {
            "index": 1,
            "makespan": 169.0,
            "load_balance": 51.724631463162694,
            "idle_time": 763.0,
            "schedule": [
                [
                    0,
                    6,
                    2,
                    3,
                    2,
                    3,
                    4,
                    3
                ],
                [
                    5,
                    5,
                    0,
                    5,
                    1,
                    5,
                    6
                ],
                [
                    5,
                    2,
                    2,
                    3,
                    2,
                    2
                ],
                [
                    6,
                    0,
                    0,
                    5,
                    4
                ],
                [
                    6,
                    6,
                    3,
                    0,
                    0,
                    2,
                    4
                ],
                [
                    5,
                    3,
                    6,
                    3,
                    3,
                    0,
                    0,
                    5,
                    6
                ],
                [
                    4,
                    2,
                    5,
                    5,
                    5
                ],
                [
                    3,
                    4,
                    3,
                    5,
                    5,
                    6
                ],
                [
                    0,
                    0,
                    3,
                    2,
                    6,
                    5,
                    6,
                    2,
                    2
                ],
                [
                    4,
                    0,
                    6,
                    4,
                    6
                ],
                [
                    0,
                    0,
                    1,
                    3
                ],
                [
                    3,
                    5,
                    0,
                    0,
                    2,
                    6
                ],
                [
                    5,
                    5,
                    3,
                    4
                ],
                [
                    5,
                    5,
                    3
                ],
                [
                    3,
                    6,
                    0,
                    1,
                    6,
                    0
                ]
            ]
        },
        {
            "index": 2,
            "makespan": 150.0,
            "load_balance": 10.999289749797484,
            "idle_time": 801.0,
            "schedule": [
                [
                    0,
                    6,
                    2,
                    3,
                    2,
                    2,
                    4,
                    3
                ],
                [
                    5,
                    5,
                    0,
                    5,
                    1,
                    5,
                    6
                ],
                [
                    5,
                    1,
                    2,
                    3,
                    2,
                    2
                ],
                [
                    6,
                    0,
                    0,
                    2,
                    4
                ],
                [
                    6,
                    6,
                    3,
                    0,
                    2,
                    2,
                    4
                ],
                [
                    5,
                    3,
                    6,
                    5,
                    3,
                    7,
                    0,
                    5,
                    6
                ],
                [
                    4,
                    2,
                    5,
                    5,
                    5
                ],
                [
                    3,
                    4,
                    3,
                    5,
                    5,
                    6
                ],
                [
                    0,
                    0,
                    2,
                    2,
                    3,
                    5,
                    6,
                    2,
                    2
                ],
                [
                    4,
                    0,
                    6,
                    4,
                    6
                ],
                [
                    7,
                    0,
                    1,
                    3
                ],
                [
                    3,
                    5,
                    0,
                    0,
                    7,
                    6
                ],
                [
                    5,
                    5,
                    3,
                    4
                ],
                [
                    5,
                    5,
                    3
                ],
                [
                    3,
                    6,
                    0,
                    1,
                    6,
                    0
                ]
            ]
        },
        {
            "index": 3,
            "makespan": 151.0,
            "load_balance": 9.426525075551435,
            "idle_time": 808.0,