{
    "algorithm": "without Archive",
    "runtime": 76.71411323547363,
    "solutions": [
        {
            "index": 1,
            "makespan": 78.0,
            "load_balance": 6.164414002968976,
            "idle_time": 269.0,
            "schedule": [
                [
                    2,
                    4,
                    5,
                    0,
                    2,
                    5
                ],
                [
                    1,
                    2,
                    0,
                    3,
                    5
                ],
                [
                    1,
                    2,
                    5,
                    5,
                    4
                ],
                [
                    0,
                    1,
                    2,
                    2,
                    2
                ],
                [
                    1,
                    0,
                    1,
                    0,
                    1,
                    1
                ],
                [
                    2,
                    0,
                    2,
                    1,
                    0,
                    0
                ],
                [
                    5,
                    3,
                    2,
                    4,
                    2
                ],
                [
                    2,
                    2,
                    1,
                    1,
                    1
                ],
                [
                    5,
                    4,
                    3,
                    0,
                    2,
                    3
                ],
                [
                    5,
                    2,
                    4,
                    5,
                    3,
                    3
                ]
            ]
        },
        {
            "index": 2,
            "makespan": 78.0,
            "load_balance": 5.937171043518958,
            "idle_time": 271.0,
            "schedule": [
                [
                    2,
                    4,
                    5,
                    0,
                    2,
                    5
                ],
                [
                    1,
                    2,
                    0,
                    3,
                    5
                ],
                [
                    1,
                    2,
                    5,
                    5,
                    4
                ],
                [
                    0,
                    1,
                    2,
                    2,
                    2
                ],
                [
                    1,
                    0,
                    1,
                    0,
                    1,
                    1
                ],
                [
                    2,
                    0,
                    2,
                    1,
                    0,
                    0
                ],
                [
                    5,
                    3,
                    2,
                    4,
                    2
                ],
                [
                    5,
                    2,
                    1,
                    1,
                    1
                ],
                [
                    5,
                    4,
                    3,
                    0,
                    2,
                    3
                ],
                [
                    5,
                    2,
                    4,
                    5,
                    3,
                    3
                ]
            ]
        }
    ]
}