{
    "algorithm": "without Adaptive Crossover",
    "runtime": 144.98176908493042,
    "solutions": [
        {
            "index": 1,
            "makespan": 72.0,
            "load_balance": 3.872983346207417,
            "idle_time": 231.0,
            "schedule": [
                [
                    2,
                    4,
                    5,
                    0,
                    2,
                    5
                ],
                [
                    1,
                    2,
                    0,
                    3,
                    5
                ],
                [
                    1,
                    2,
                    5,
                    5,
                    4
                ],
                [
                    0,
                    1,
                    2,
                    2,
                    2
                ],
                [
                    1,
                    0,
                    1,
                    0,
                    1,
                    1
                ],
                [
                    2,
                    0,
                    2,
                    1,
                    0,
                    0
                ],
                [
                    5,
                    3,
                    2,
                    4,
                    2
                ],
                [
                    5,
                    5,
                    5,
                    1,
                    1
                ],
                [
                    5,
                    4,
                    3,
                    0,
                    2,
                    1
                ],
                [
                    5,
                    5,
                    4,
                    5,
                    3,
                    0
                ]
            ]
        },
        {
            "index": 2,
            "makespan": 71.0,
            "load_balance": 4.0722639076235385,
            "idle_time": 226.0,
            "schedule": [
                [
                    2,
                    4,
                    5,
                    0,
                    2,
                    5
                ],
                [
                    1,
                    2,
                    0,
                    3,
                    5
                ],
                [
                    1,
                    2,
                    5,
                    5,
                    4
                ],
                [
                    0,
                    1,
                    2,
                    2,
                    2
                ],
                [
                    1,
                    0,
                    1,
                    0,
                    1,
                    1
                ],
                [
                    2,
                    0,
                    2,
                    1,
                    0,
                    0
                ],
                [
                    5,
                    3,
                    2,
                    4,
                    2
                ],
                [
                    5,
                    5,
                    5,
                    1,
                    1
                ],
                [
                    5,
                    4,
                    3,
                    0,
                    2,
                    1
                ],
                [
                    5,
                    5,
                    4,
                    5,
                    3,
                    3
                ]
            ]
        }
    ]
}