{
    "algorithm": "SPEA-II",
    "runtime": 78.23893618583679,
    "solutions": [
        {
            "index": 1,
            "makespan": 393.0,
            "load_balance": 10.641898326896381,
            "idle_time": 853.0,
            "schedule": [
                [
                    2,
                    3,
                    1,
                    2,
                    1,
                    0
                ],
                [
                    2,
                    1,
                    3,
                    1,
                    0
                ],
                [
                    2,
                    2,
                    3,
                    3,
                    1,
                    3,
                    1,
                    2
                ],
                [
                    0,
                    3,
                    0,
                    3,
                    0,
                    3,
                    3
                ],
                [
                    2,
                    1,
                    2,
                    2,
                    1,
                    0
                ],
                [
                    3,
                    3,
                    2,
                    0,
                    1,
                    3,
                    0,
                    3,
                    3
                ],
                [
                    2,
                    2,
                    1,
                    1,
                    2
                ],
                [
                    0,
                    2,
                    3,
                    3,
                    2,
                    3,
                    2,
                    0
                ],
                [
                    1,
                    3,
                    3,
                    1,
                    3,
                    3,
                    3,
                    1,
                    2
                ],
                [
                    0,
                    0,
                    0,
                    3,
                    1,
                    2,
                    2,
                    3,
                    1
                ],
                [
                    0,
                    0,
                    0,
                    2,
                    3,
                    2,
                    2
                ],
                [
                    3,
                    2,
                    2,
                    1,
                    2,
                    0
                ],
                [
                    3,
                    3,
                    3,
                    1,
                    1,
                    1,
                    2
                ],
                [
                    0,
                    0,
                    0,
                    1,
                    3,
                    3,
                    3
                ],
                [
                    2,
                    0,
                    2,
                    2,
                    1,
                    1,
                    1
                ]
            ]
        },
        {
            "index": 2,
            "makespan": 395.0,
            "load_balance": 7.048936089935842,
            "idle_time": 861.0,
            "schedule": [
                [
                    2,
                    0,
                    1,
                    2,
                    1,
                    0
                ],
                [
                    2,
                    1,
                    3,
                    1,
                    0
                ],
                [
                    2,
                    2,
                    3,
                    3,
                    1,
                    3,
                    1,
                    2
                ],
                [
                    0,
                    3,
                    0,
                    3,
                    0,
                    3,
                    3
                ],
                [
                    2,
                    1,
                    2,
                    2,
                    1,
                    0
                ],
                [
                    3,
                    3,
                    2,
                    0,
                    1,
                    3,
                    0,
                    3,
                    3
                ],
                [
                    2,
                    2,
                    1,
                    1,
                    2
                ],
                [
                    0,
                    2,
                    3,
                    3,
                    2,
                    3,
                    2,
                    0
                ],
                [
                    1,
                    3,
                    3,
                    1,
                    3,
                    3,
                    3,
                    1,
                    2
                ],
                [
                    0,
                    0,
                    0,
                    3,
                    1,
                    2,
                    2,
                    3,
                    1
                ],
                [
                    0,
                    0,
                    0,
                    2,
                    3,
                    2,
                    2
                ],
                [
                    3,
                    2,
                    2,
                    1,
                    2,
                    0
                ],
                [
                    3,
                    3,
                    3,
                    1,
                    1,
                    1,
                    2
                ],
                [
                    0,
                    0,
                    0,
                    1,
                    3,
                    3,
                    3
                ],
                [
                    2,
                    0,
                    2,
                    2,
                    3,
                    1,
                    0
                ]
            ]
        },
        {
            "index": 3,
            "makespan": 393.0,
            "load_balance": 10.662434056068061,
            "idle_time": 852.0,