{
    "algorithm": "without Hybrid Init",
    "runtime": 147.49293899536133,
    "solutions": [
        {
            "index": 1,
            "makespan": 402.0,
            "load_balance": 6.378675411086537,
            "idle_time": 887.0,
            "schedule": [
                [
                    2,
                    3,
                    1,
                    2,
                    1,
                    0
                ],
                [
                    2,
                    1,
                    3,
                    1,
                    1
                ],
                [
                    2,
                    2,
                    3,
                    3,
                    1,
                    3,
                    1,
                    3
                ],
                [
                    0,
                    2,
                    0,
                    3,
                    1,
                    3,
                    3
                ],
                [
                    2,
                    1,
                    2,
                    2,
                    1,
                    0
                ],
                [
                    3,
                    3,
                    2,
                    0,
                    1,
                    3,
                    0,
                    3,
                    3
                ],
                [
                    2,
                    2,
                    1,
                    1,
                    2
                ],
                [
                    0,
                    2,
                    3,
                    3,
                    2,
                    3,
                    2,
                    0
                ],
                [
                    1,
                    3,
                    3,
                    1,
                    3,
                    0,
                    0,
                    0,
                    2
                ],
                [
                    1,
                    3,
                    3,
                    3,
                    1,
                    2,
                    2,
                    3,
                    1
                ],
                [
                    0,
                    0,
                    0,
                    2,
                    3,
                    2,
                    2
                ],
                [
                    3,
                    2,
                    2,
                    0,
                    2,
                    0
                ],
                [
                    3,
                    3,
                    3,
                    3,
                    1,
                    0,
                    2
                ],
                [
                    1,
                    0,
                    3,
                    1,
                    3,
                    3,
                    3
                ],
                [
                    2,
                    0,
                    2,
                    2,
                    3,
                    1,
                    0
                ]
            ]
        },
        {
            "index": 2,
            "makespan": 385.0,
            "load_balance": 11.280514172678478,
            "idle_time": 819.0,
            "schedule": [
                [
                    2,
                    3,
                    1,
                    2,
                    1,
                    0
                ],
                [
                    2,
                    1,
                    3,
                    1,
                    0
                ],
                [
                    2,
                    2,
                    3,
                    3,
                    1,
                    3,
                    1,
                    3
                ],
                [
                    0,
                    2,
                    0,
                    3,
                    0,
                    3,
                    3
                ],
                [
                    2,
                    1,
                    2,
                    2,
                    1,
                    0
                ],
                [
                    3,
                    3,
                    2,
                    0,
                    1,
                    3,
                    0,
                    3,
                    3
                ],
                [
                    2,
                    2,
                    1,
                    1,
                    2
                ],
                [
                    0,
                    2,
                    3,
                    3,
                    2,
                    3,
                    2,
                    0
                ],
                [
                    1,
                    3,
                    3,
                    1,
                    3,
                    0,
                    0,
                    0,
                    2
                ],
                [
                    1,
                    3,
                    3,
                    3,
                    1,
                    2,
                    2,
                    3,
                    1
                ],
                [
                    0,
                    0,
                    0,
                    2,
                    3,
                    2,
                    2
                ],
                [
                    3,
                    2,
                    2,
                    0,
                    2,
                    0
                ],
                [
                    3,
                    3,
                    3,
                    3,
                    1,
                    1,
                    0
                ],
                [
                    1,
                    0,
                    3,
                    1,
                    3,
                    3,
                    3
                ],
                [
                    2,
                    0,
                    2,
                    2,
                    1,
                    1,
                    1
                ]
            ]
        },
        {
            "index": 3,
            "makespan": 386.0,
            "load_balance": 6.48074069840786,
            "idle_time": 822.0,