{
    "algorithm": "NSGA-III",
    "runtime": 85.42391300201416,
    "solutions": [
        {
            "index": 1,
            "makespan": 159.0,
            "load_balance": 10.931605554537724,
            "idle_time": 856.0,
            "schedule": [
                [
                    0,
                    0,
                    2,
                    3,
                    7,
                    2,
                    4,
                    3
                ],
                [
                    5,
                    5,
                    0,
                    5,
                    1,
                    5,
                    6
                ],
                [
                    5,
                    1,
                    3,
                    3,
                    2,
                    2
                ],
                [
                    6,
                    0,
                    0,
                    2,
                    4
                ],
                [
                    6,
                    6,
                    3,
                    7,
                    0,
                    1,
                    4
                ],
                [
                    5,
                    3,
                    6,
                    5,
                    3,
                    2,
                    0,
                    5,
                    6
                ],
                [
                    5,
                    2,
                    5,
                    5,
                    5
                ],
                [
                    4,
                    4,
                    3,
                    5,
                    5,
                    6
                ],
                [
                    0,
                    0,
                    2,
                    2,
                    3,
                    5,
                    6,
                    2,
                    1
                ],
                [
                    4,
                    0,
                    6,
                    4,
                    6
                ],
                [
                    7,
                    0,
                    3,
                    6
                ],
                [
                    3,
                    5,
                    0,
                    2,
                    7,
                    6
                ],
                [
                    5,
                    5,
                    3,
                    5
                ],
                [
                    5,
                    5,
                    3
                ],
                [
                    4,
                    6,
                    0,
                    2,
                    6,
                    0
                ]
            ]
        }
    ]
}