{
    "algorithm": "SPEA-II",
    "runtime": 76.29672169685364,
    "solutions": [
        {
            "index": 1,
            "makespan": 217.0,
            "load_balance": 93.44507596562926,
            "idle_time": 1607.0,
            "schedule": [
                [
                    6,
                    0,
                    8,
                    0,
                    6,
                    0,
                    5,
                    8,
                    9,
                    4,
                    3,
                    3,
                    3,
                    2,
                    8
                ],
                [
                    1,
                    1,
                    0,
                    0,
                    6,
                    0,
                    9,
                    4,
                    6,
                    6,
                    0,
                    0,
                    0,
                    5,
                    8
                ],
                [
                    7,
                    4,
                    9,
                    6,
                    1,
                    8,
                    0,
                    8,
                    6,
                    6,
                    0,
                    7,
                    8,
                    5,
                    2
                ],
                [
                    4,
                    4,
                    9,
                    4,
                    6,
                    9,
                    6,
                    0,
                    8,
                    0,
                    6,
                    0,
                    8,
                    6,
                    3
                ],
                [
                    7,
                    7,
                    0,
                    8,
                    6,
                    3,
                    0,
                    6,
                    6,
                    0,
                    6,
                    6,
                    1,
                    1,
                    6
                ],
                [
                    4,
                    7,
                    4,
                    4,
                    8,
                    3,
                    0,
                    3,
                    8,
                    5,
                    0,
                    8,
                    0,
                    0,
                    3
                ],
                [
                    4,
                    9,
                    4,
                    9,
                    7,
                    0,
                    3,
                    6,
                    9,
                    0,
                    0,
                    6,
                    6,
                    6,
                    3
                ],
                [
                    8,
                    8,
                    2,
                    7,
                    5,
                    8,
                    9,
                    0,
                    0,
                    5,
                    1,
                    6,
                    0,
                    1,
                    6
                ],
                [
                    8,
                    8,
                    4,
                    9,
                    1,
                    3,
                    0,
                    9,
                    0,
                    0,
                    8,
                    8,
                    4,
                    0,
                    4
                ],
                [
                    7,
                    5,
                    7,
                    2,
                    6,
                    9,
                    6,
                    0,
                    8,
                    8,
                    0,
                    0,
                    3,
                    6,
                    0
                ]
            ]
        },
        {
            "index": 2,
            "makespan": 216.0,
            "load_balance": 93.5472785992908,
            "idle_time": 1598.0,