{
    "algorithm": "without Adaptive Crossover",
    "runtime": 105.67903065681458,
    "solutions": [
        {
            "index": 1,
            "makespan": 61.0,
            "load_balance": 3.531603350069515,
            "idle_time": 172.0,
            "schedule": [
                [
                    1,
                    2,
                    3,
                    1,
                    5,
                    1
                ],
                [
                    0,
                    4,
                    4,
                    2,
                    2,
                    3
                ],
                [
                    0,
                    0,
                    4,
                    4,
                    5,
                    3
                ],
                [
                    0,
                    0,
                    1,
                    0,
                    0,
                    5
                ],
                [
                    2,
                    4,
                    3,
                    4,
                    5,
                    1
                ],
                [
                    2,
                    2,
                    0,
                    0,
                    1,
                    5
                ],
                [
                    3,
                    4,
                    3,
                    4,
                    4
                ],
                [
                    2,
                    2,
                    0,
                    2,
                    4,
                    5
                ],
                [
                    1,
                    2,
                    5,
                    1,
                    2
                ],
                [
                    3,
                    0,
                    3,
                    3,
                    5,
                    0
                ]
            ]
        },
        {
            "index": 2,
            "makespan": 65.0,
            "load_balance": 2.357022603955159,
            "idle_time": 188.0,
            "schedule": [
                [
                    1,
                    2,
                    3,
                    1,
                    5,
                    1
                ],
                [
                    0,
                    4,
                    4,
                    2,
                    2,
                    3
                ],
                [
                    0,
                    0,
                    4,
                    4,
                    5,
                    3
                ],
                [
                    0,
                    0,
                    1,
                    0,
                    0,
                    1
                ],
                [
                    2,
                    4,
                    3,
                    4,
                    5,
                    1
                ],
                [
                    2,
                    2,
                    0,
                    0,
                    1,
                    5
                ],
                [
                    4,
                    4,
                    4,
                    4,
                    4
                ],
                [
                    2,
                    2,
                    0,
                    2,
                    4,
                    4
                ],
                [
                    1,
                    2,
                    5,
                    1,
                    2
                ],
                [
                    3,
                    3,
                    5,
                    3,
                    5,
                    0
                ]
            ]
        },
        {
            "index": 3,
            "makespan": 61.0,
            "load_balance": 5.507570547286102,
            "idle_time": 157.0,
            "schedule": [
                [
                    1,
                    2,
                    3,
                    1,
                    5,
                    1
                ],
                [
                    0,
                    4,
                    4,
                    2,
                    2,
                    3
                ],
                [
                    0,
                    0,
                    4,
                    4,
                    5,
                    3
                ],
                [
                    0,
                    0,
                    1,
                    0,
                    0,
                    1
                ],
                [
                    2,
                    4,
                    3,
                    4,
                    5,
                    1
                ],
                [
                    2,
                    2,
                    0,
                    0,
                    1,
                    5
                ],
                [
                    4,
                    4,
                    4,
                    4,
                    4
                ],
                [
                    2,
                    2,
                    0,
                    2,
                    4,
                    4
                ],
                [
                    1,
                    2,
                    5,
                    1,
                    2
                ],
                [
                    3,
                    3,
                    3,
                    0,
                    5,
                    0
                ]
            ]
        },
        {
            "index": 4,
            "makespan": 61.0,
            "load_balance": 5.07991688470939,
            "idle_time": 162.0,
            "schedule": [
                [
                    1,
                    2,
                    3,
                    1,
                    5,
                    1
                ],
                [
                    0,
                    4,
                    4,
                    2,
                    2,
                    3
                ],
                [
                    0,
                    0,
                    4,
                    4,
                    5,
                    3
                ],
                [
                    0,
                    0,
                    1,
                    0,
                    0,
                    1
                ],
                [
                    2,
                    4,
                    3,
                    4,
                    5,
                    1
                ],
                [
                    2,
                    2,
                    0,
                    0,
                    1,
                    5
                ],
                [
                    4,
                    4,
                    4,
                    4,
                    4
                ],
                [
                    2,
                    2,
                    0,
                    2,
                    5,
                    4
                ],
                [
                    1,
                    2,
                    5,
                    1,
                    2
                ],
                [
                    3,
                    3,
                    3,
                    3,
                    5,
                    0
                ]
            ]
        },
        {
            "index": 5,
            "makespan": 63.0,
            "load_balance": 2.4094720491334933,
            "idle_time": 182.0,