{
    "algorithm": "Standard NSGA-II",
    "runtime": 61.83391547203064,
    "solutions": [
        {
            "index": 1,
            "makespan": 307.0,
            "load_balance": 9.979979959899719,
            "idle_time": 581.0,
            "schedule": [
                [
                    1,
                    2,
                    1,
                    3,
                    1
                ],
                [
                    4,
                    4,
                    1,
                    1,
                    4
                ],
                [
                    0,
                    3,
                    3,
                    1,
                    4
                ],
                [
                    0,
                    2,
                    0,
                    0,
                    2
                ],
                [
                    0,
                    0,
                    2,
                    2,
                    3
                ],
                [
                    0,
                    0,
                    0,
                    1,
                    1
                ],
                [
                    3,
                    4,
                    0,
                    2,
                    1
                ],
                [
                    4,
                    0,
                    1,
                    1,
                    1
                ],
                [
                    3,
                    3,
                    0,
                    3,
                    0
                ],
                [
                    4,
                    4,
                    2,
                    3,
                    4
                ],
                [
                    3,
                    4,
                    4,
                    0,
                    0
                ],
                [
                    3,
                    1,
                    0,
                    0,
                    1
                ],
                [
                    4,
                    3,
                    3,
                    0,
                    1
                ],
                [
                    2,
                    2,
                    2,
                    2,
                    4
                ],
                [
                    2,
                    2,
                    4,
                    0,
                    4
                ],
                [
                    3,
                    3,
                    1,
                    0,
                    3
                ],
                [
                    0,
                    2,
                    0,
                    0,
                    0
                ],
                [
                    1,
                    1,
                    2,
                    2,
                    0
                ],
                [
                    4,
                    4,
                    1,
                    3,
                    4
                ],
                [
                    3,
                    1,
                    3,
                    4,
                    0
                ]
            ]
        },
        {
            "index": 2,
            "makespan": 321.0,
            "load_balance": 9.00222194794152,
            "idle_time": 618.0,
            "schedule": [
                [
                    1,
                    2,
                    1,
                    3,
                    1
                ],
                [
                    4,
                    4,
                    1,
                    1,
                    4
                ],
                [
                    0,
                    3,
                    3,
                    1,
                    4
                ],
                [
                    0,
                    2,
                    0,
                    2,
                    2
                ],
                [
                    0,
                    0,
                    2,
                    2,
                    3
                ],
                [
                    0,
                    0,
                    0,
                    1,
                    0
                ],
                [
                    3,
                    4,
                    1,
                    2,
                    2
                ],
                [
                    4,
                    0,
                    1,
                    1,
                    1
                ],
                [
                    3,
                    3,
                    0,
                    3,
                    0
                ],
                [
                    4,
                    4,
                    2,
                    3,
                    4
                ],
                [
                    3,
                    4,
                    4,
                    0,
                    0
                ],
                [
                    3,
                    1,
                    0,
                    1,
                    1
                ],
                [
                    4,
                    3,
                    3,
                    0,
                    1
                ],
                [
                    2,
                    2,
                    2,
                    2,
                    4
                ],
                [
                    2,
                    4,
                    4,
                    0,
                    0
                ],
                [
                    3,
                    3,
                    1,
                    0,
                    3
                ],
                [
                    0,
                    2,
                    0,
                    0,
                    0
                ],
                [
                    1,
                    1,
                    2,
                    2,
                    0
                ],
                [
                    4,
                    4,
                    4,
                    3,
                    4
                ],
                [
                    3,
                    1,
                    3,
                    4,
                    1
                ]
            ]
        },
        {
            "index": 3,
            "makespan": 305.0,
            "load_balance": 9.979979959899719,
            "idle_time": 584.0,