{
    "algorithm": "Multiobjective ACO",
    "runtime": 1465.9155037403107,
    "solutions": [
        {
            "index": 1,
            "makespan": 85.0,
            "load_balance": 2.516611478423583,
            "idle_time": 364.0,
            "schedule": [
                [
                    1,
                    2,
                    0,
                    1,
                    5,
                    1
                ],
                [
                    5,
                    5,
                    4,
                    2,
                    1,
                    4
                ],
                [
                    0,
                    0,
                    1,
                    4,
                    3,
                    4
                ],
                [
                    5,
                    5,
                    1,
                    0,
                    1,
                    3
                ],
                [
                    0,
                    1,
                    3,
                    4,
                    5,
                    2
                ],
                [
                    4,
                    2,
                    4,
                    0,
                    1,
                    5
                ],
                [
                    3,
                    4,
                    0,
                    1,
                    3,
                    -1
                ],
                [
                    2,
                    4,
                    0,
                    4,
                    0,
                    5
                ],
                [
                    1,
                    2,
                    5,
                    1,
                    2,
                    -1
                ],
                [
                    3,
                    0,
                    4,
                    3,
                    5,
                    5
                ]
            ]
        },
        {
            "index": 2,
            "makespan": 83.0,
            "load_balance": 4.268749491621899,
            "idle_time": 355.0,
            "schedule": [
                [
                    1,
                    2,
                    0,
                    1,
                    5,
                    1
                ],
                [
                    5,
                    5,
                    4,
                    2,
                    1,
                    4
                ],
                [
                    0,
                    0,
                    1,
                    4,
                    3,
                    4
                ],
                [
                    5,
                    5,
                    1,
                    0,
                    1,
                    3
                ],
                [
                    0,
                    1,
                    3,
                    4,
                    5,
                    2
                ],
                [
                    4,
                    2,
                    4,
                    0,
                    1,
                    5
                ],
                [
                    3,
                    4,
                    0,
                    1,
                    5,
                    -1
                ],
                [
                    2,
                    4,
                    0,
                    4,
                    0,
                    5
                ],
                [
                    1,
                    2,
                    5,
                    1,
                    2,
                    -1
                ],
                [
                    3,
                    0,
                    4,
                    3,
                    5,
                    5
                ]
            ]
        }
    ]
}