{
    "algorithm": "SPEA-II",
    "runtime": 77.06731915473938,
    "solutions": [
        {
            "index": 1,
            "makespan": 64.0,
            "load_balance": 2.449489742783178,
            "idle_time": 173.0,
            "schedule": [
                [
                    1,
                    2,
                    2,
                    1,
                    5,
                    2
                ],
                [
                    4,
                    4,
                    4,
                    2,
                    4,
                    4
                ],
                [
                    0,
                    3,
                    2,
                    2,
                    2,
                    4
                ],
                [
                    0,
                    3,
                    1,
                    0,
                    1,
                    1
                ],
                [
                    3,
                    3,
                    3,
                    3,
                    3,
                    1
                ],
                [
                    0,
                    5,
                    5,
                    0,
                    1,
                    0
                ],
                [
                    2,
                    4,
                    3,
                    5,
                    5
                ],
                [
                    2,
                    4,
                    4,
                    0,
                    0,
                    5
                ],
                [
                    1,
                    2,
                    4,
                    1,
                    2
                ],
                [
                    3,
                    3,
                    5,
                    3,
                    5,
                    0
                ]
            ]
        },
        {
            "index": 2,
            "makespan": 64.0,
            "load_balance": 2.5,
            "idle_time": 170.0,
            "schedule": [
                [
                    1,
                    2,
                    2,
                    1,
                    5,
                    2
                ],
                [
                    4,
                    4,
                    4,
                    2,
                    4,
                    4
                ],
                [
                    0,
                    3,
                    2,
                    2,
                    2,
                    4
                ],
                [
                    0,
                    3,
                    1,
                    0,
                    1,
                    1
                ],
                [
                    3,
                    3,
                    3,
                    3,
                    3,
                    1
                ],
                [
                    0,
                    5,
                    5,
                    0,
                    1,
                    5
                ],
                [
                    2,
                    4,
                    3,
                    5,
                    5
                ],
                [
                    2,
                    4,
                    2,
                    0,
                    0,
                    0
                ],
                [
                    1,
                    2,
                    4,
                    1,
                    2
                ],
                [
                    3,
                    3,
                    5,
                    3,
                    5,
                    0
                ]
            ]
        },
        {
            "index": 3,
            "makespan": 64.0,
            "load_balance": 2.449489742783178,
            "idle_time": 175.0,
            "schedule": [
                [
                    1,
                    2,
                    2,
                    1,
                    5,
                    2
                ],
                [
                    4,
                    4,
                    4,
                    2,
                    4,
                    4
                ],
                [
                    0,
                    3,
                    2,
                    2,
                    2,
                    4
                ],
                [
                    0,
                    3,
                    1,
                    0,
                    1,
                    1
                ],
                [
                    3,
                    3,
                    3,
                    3,
                    3,
                    1
                ],
                [
                    0,
                    5,
                    5,
                    0,
                    1,
                    5
                ],
                [
                    2,
                    4,
                    3,
                    5,
                    5
                ],
                [
                    2,
                    4,
                    4,
                    0,
                    0,
                    5
                ],
                [
                    1,
                    2,
                    4,
                    1,
                    2
                ],
                [
                    3,
                    3,
                    5,
                    3,
                    5,
                    0
                ]
            ]
        }
    ]
}