{
    "algorithm": "Multiobjective ACO",
    "runtime": 1109.0903816223145,
    "solutions": [
        {
            "index": 1,
            "makespan": 472.0,
            "load_balance": 28.25172561101357,
            "idle_time": 1699.0,
            "schedule": [
                [
                    1,
                    0,
                    1,
                    3,
                    4
                ],
                [
                    0,
                    4,
                    1,
                    4,
                    2
                ],
                [
                    4,
                    3,
                    2,
                    1,
                    4
                ],
                [
                    1,
                    4,
                    1,
                    0,
                    0
                ],
                [
                    2,
                    2,
                    4,
                    3,
                    3
                ],
                [
                    4,
                    0,
                    4,
                    1,
                    1
                ],
                [
                    3,
                    4,
                    1,
                    2,
                    4
                ],
                [
                    3,
                    0,
                    1,
                    1,
                    1
                ],
                [
                    4,
                    3,
                    4,
                    3,
                    4
                ],
                [
                    4,
                    4,
                    0,
                    3,
                    0
                ],
                [
                    3,
                    4,
                    4,
                    4,
                    4
                ],
                [
                    4,
                    4,
                    0,
                    4,
                    0
                ],
                [
                    4,
                    3,
                    3,
                    0,
                    4
                ],
                [
                    4,
                    0,
                    4,
                    0,
                    4
                ],
                [
                    4,
                    4,
                    4,
                    0,
                    4
                ],
                [
                    0,
                    2,
                    1,
                    4,
                    3
                ],
                [
                    4,
                    4,
                    0,
                    0,
                    4
                ],
                [
                    1,
                    4,
                    4,
                    0,
                    4
                ],
                [
                    2,
                    3,
                    1,
                    3,
                    0
                ],
                [
                    3,
                    1,
                    3,
                    4,
                    0
                ]
            ]
        },
        {
            "index": 2,
            "makespan": 479.0,
            "load_balance": 12.3547561691844,
            "idle_time": 1727.0,
            "schedule": [
                [
                    1,
                    0,
                    1,
                    3,
                    4
                ],
                [
                    0,
                    4,
                    1,
                    4,
                    2
                ],
                [
                    4,
                    3,
                    2,
                    1,
                    4
                ],
                [
                    1,
                    4,
                    1,
                    0,
                    0
                ],
                [
                    2,
                    2,
                    4,
                    3,
                    3
                ],
                [
                    4,
                    0,
                    4,
                    1,
                    1
                ],
                [
                    3,
                    4,
                    1,
                    2,
                    4
                ],
                [
                    3,
                    0,
                    1,
                    1,
                    1
                ],
                [
                    4,
                    3,
                    4,
                    3,
                    4
                ],
                [
                    4,
                    4,
                    0,
                    3,
                    0
                ],
                [
                    3,
                    4,
                    4,
                    4,
                    4
                ],
                [
                    4,
                    4,
                    0,
                    4,
                    0
                ],
                [
                    4,
                    3,
                    3,
                    0,
                    4
                ],
                [
                    4,
                    0,
                    4,
                    0,
                    4
                ],
                [
                    4,
                    4,
                    4,
                    0,
                    4
                ],
                [
                    0,
                    2,
                    1,
                    4,
                    3
                ],
                [
                    4,
                    4,
                    0,
                    0,
                    4
                ],
                [
                    1,
                    4,
                    4,
                    0,
                    4
                ],
                [
                    2,
                    3,
                    1,
                    3,
                    0
                ],
                [
                    3,
                    1,
                    3,
                    4,
                    2
                ]
            ]
        }
    ]
}