{
    "algorithm": "NSGA-III",
    "runtime": 69.57035779953003,
    "solutions": [
        {
            "index": 1,
            "makespan": 360.0,
            "load_balance": 11.160645142642965,
            "idle_time": 842.0,
            "schedule": [
                [
                    1,
                    2,
                    1,
                    3,
                    2
                ],
                [
                    4,
                    0,
                    1,
                    0,
                    0
                ],
                [
                    2,
                    3,
                    2,
                    1,
                    3
                ],
                [
                    0,
                    4,
                    0,
                    4,
                    2
                ],
                [
                    0,
                    0,
                    4,
                    4,
                    3
                ],
                [
                    1,
                    0,
                    0,
                    1,
                    1
                ],
                [
                    3,
                    0,
                    0,
                    0,
                    1
                ],
                [
                    2,
                    2,
                    2,
                    1,
                    1
                ],
                [
                    4,
                    4,
                    4,
                    3,
                    4
                ],
                [
                    4,
                    4,
                    0,
                    3,
                    4
                ],
                [
                    3,
                    4,
                    4,
                    4,
                    4
                ],
                [
                    2,
                    2,
                    0,
                    0,
                    3
                ],
                [
                    0,
                    3,
                    3,
                    3,
                    1
                ],
                [
                    4,
                    0,
                    2,
                    0,
                    0
                ],
                [
                    2,
                    2,
                    4,
                    4,
                    4
                ],
                [
                    1,
                    3,
                    1,
                    0,
                    3
                ],
                [
                    2,
                    4,
                    0,
                    0,
                    0
                ],
                [
                    1,
                    1,
                    4,
                    0,
                    0
                ],
                [
                    2,
                    2,
                    2,
                    3,
                    4
                ],
                [
                    3,
                    1,
                    3,
                    4,
                    2
                ]
            ]
        },
        {
            "index": 2,
            "makespan": 334.0,
            "load_balance": 11.171392035015153,
            "idle_time": 729.0,
            "schedule": [
                [
                    1,
                    2,
                    1,
                    3,
                    2
                ],
                [
                    0,
                    0,
                    0,
                    0,
                    0
                ],
                [
                    2,
                    3,
                    3,
                    1,
                    3
                ],
                [
                    0,
                    4,
                    0,
                    4,
                    2
                ],
                [
                    0,
                    0,
                    4,
                    4,
                    3
                ],
                [
                    1,
                    0,
                    0,
                    1,
                    1
                ],
                [
                    3,
                    0,
                    0,
                    0,
                    1
                ],
                [
                    2,
                    2,
                    2,
                    1,
                    1
                ],
                [
                    4,
                    4,
                    4,
                    4,
                    4
                ],
                [
                    4,
                    4,
                    0,
                    3,
                    4
                ],
                [
                    3,
                    4,
                    4,
                    4,
                    4
                ],
                [
                    2,
                    2,
                    0,
                    0,
                    3
                ],
                [
                    0,
                    3,
                    3,
                    3,
                    1
                ],
                [
                    2,
                    0,
                    2,
                    0,
                    0
                ],
                [
                    2,
                    2,
                    4,
                    4,
                    4
                ],
                [
                    0,
                    3,
                    1,
                    0,
                    3
                ],
                [
                    2,
                    1,
                    0,
                    0,
                    0
                ],
                [
                    1,
                    1,
                    4,
                    0,
                    0
                ],
                [
                    2,
                    2,
                    2,
                    3,
                    0
                ],
                [
                    3,
                    1,
                    3,
                    4,
                    2
                ]
            ]
        },
        {
            "index": 3,
            "makespan": 334.0,
            "load_balance": 12.109500402576483,
            "idle_time": 714.0,