{
    "algorithm": "without kNN",
    "runtime": 96.74652910232544,
    "solutions": [
        {
            "index": 1,
            "makespan": 65.0,
            "load_balance": 2.0548046676563256,
            "idle_time": 174.0,
            "schedule": [
                [
                    1,
                    2,
                    0,
                    1,
                    5,
                    2
                ],
                [
                    4,
                    4,
                    4,
                    2,
                    2,
                    2
                ],
                [
                    0,
                    3,
                    4,
                    4,
                    4,
                    4
                ],
                [
                    0,
                    3,
                    1,
                    0,
                    3,
                    4
                ],
                [
                    5,
                    1,
                    3,
                    5,
                    5,
                    1
                ],
                [
                    0,
                    2,
                    0,
                    4,
                    1,
                    3
                ],
                [
                    0,
                    4,
                    5,
                    5,
                    4
                ],
                [
                    2,
                    2,
                    2,
                    2,
                    5,
                    4
                ],
                [
                    1,
                    2,
                    1,
                    1,
                    2
                ],
                [
                    3,
                    0,
                    3,
                    3,
                    5,
                    0
                ]
            ]
        },
        {
            "index": 2,
            "makespan": 70.0,
            "load_balance": 1.9507833184532706,
            "idle_time": 208.0,
            "schedule": [
                [
                    1,
                    2,
                    0,
                    1,
                    5,
                    1
                ],
                [
                    4,
                    4,
                    4,
                    2,
                    2,
                    4
                ],
                [
                    0,
                    3,
                    4,
                    4,
                    4,
                    4
                ],
                [
                    0,
                    3,
                    1,
                    0,
                    3,
                    4
                ],
                [
                    5,
                    1,
                    3,
                    5,
                    5,
                    1
                ],
                [
                    0,
                    2,
                    0,
                    4,
                    1,
                    3
                ],
                [
                    0,
                    4,
                    5,
                    5,
                    4
                ],
                [
                    2,
                    2,
                    2,
                    2,
                    5,
                    4
                ],
                [
                    1,
                    2,
                    5,
                    1,
                    2
                ],
                [
                    3,
                    0,
                    3,
                    3,
                    5,
                    0
                ]
            ]
        },
        {
            "index": 3,
            "makespan": 66.0,
            "load_balance": 1.9720265943665387,
            "idle_time": 184.0,
            "schedule": [
                [
                    1,
                    2,
                    0,
                    1,
                    5,
                    1
                ],
                [
                    4,
                    4,
                    4,
                    2,
                    2,
                    2
                ],
                [
                    0,
                    3,
                    4,
                    4,
                    4,
                    4
                ],
                [
                    0,
                    3,
                    1,
                    0,
                    3,
                    4
                ],
                [
                    5,
                    1,
                    3,
                    5,
                    5,
                    1
                ],
                [
                    0,
                    2,
                    0,
                    4,
                    1,
                    3
                ],
                [
                    0,
                    4,
                    5,
                    5,
                    4
                ],
                [
                    2,
                    2,
                    2,
                    2,
                    5,
                    4
                ],
                [
                    1,
                    2,
                    5,
                    1,
                    2
                ],
                [
                    3,
                    0,
                    3,
                    3,
                    5,
                    0
                ]
            ]
        },
        {
            "index": 4,
            "makespan": 68.0,
            "load_balance": 1.9720265943665385,
            "idle_time": 196.0,
            "schedule": [
                [
                    1,
                    2,
                    0,
                    1,
                    5,
                    1
                ],
                [
                    4,
                    4,
                    4,
                    2,
                    2,
                    2
                ],
                [
                    0,
                    3,
                    4,
                    4,
                    4,
                    4
                ],
                [
                    0,
                    3,
                    1,
                    0,
                    3,
                    4
                ],
                [
                    5,
                    1,
                    3,
                    5,
                    5,
                    1
                ],
                [
                    0,
                    2,
                    0,
                    4,
                    1,
                    3
                ],
                [
                    0,
                    4,
                    5,
                    5,
                    4
                ],
                [
                    2,
                    2,
                    2,
                    2,
                    5,
                    4
                ],
                [
                    1,
                    2,
                    1,
                    1,
                    2
                ],
                [
                    3,
                    0,
                    5,
                    3,
                    5,
                    0
                ]
            ]
        }
    ]
}