{
    "algorithm": "without Hybrid Init",
    "runtime": 87.62391901016235,
    "solutions": [
        {
            "index": 1,
            "makespan": 1398.0,
            "load_balance": 35.256772399072496,
            "idle_time": 11443.0,
            "schedule": [
                [
                    1,
                    7,
                    7,
                    0,
                    1,
                    8,
                    6,
                    0,
                    8,
                    3,
                    1,
                    8
                ],
                [
                    7,
                    4,
                    0,
                    7,
                    2,
                    0,
                    6,
                    0,
                    6,
                    0,
                    3,
                    3,
                    8
                ],
                [
                    5,
                    4,
                    9,
                    1,
                    7,
                    3,
                    0,
                    0,
                    3,
                    1,
                    2
                ],
                [
                    9,
                    0,
                    0,
                    7,
                    3,
                    7,
                    0,
                    1,
                    2,
                    2,
                    0
                ],
                [
                    7,
                    3,
                    4,
                    4,
                    3,
                    1,
                    6,
                    7,
                    4,
                    1,
                    3,
                    7,
                    5,
                    4
                ],
                [
                    9,
                    1,
                    0,
                    2,
                    4,
                    6,
                    7,
                    7,
                    1,
                    6,
                    8
                ],
                [
                    7,
                    7,
                    7,
                    3,
                    0,
                    9,
                    1,
                    3,
                    3,
                    3,
                    1,
                    6,
                    3,
                    1
                ],
                [
                    0,
                    7,
                    4,
                    0,
                    8,
                    9,
                    5,
                    1,
                    7,
                    3,
                    0,
                    3,
                    4
                ],
                [
                    7,
                    1,
                    0,
                    3,
                    4,
                    6,
                    1,
                    8,
                    8,
                    0,
                    4
                ],
                [
                    3,
                    3,
                    2,
                    1,
                    8,
                    3,
                    4,
                    2,
                    1,
                    2,
                    0,
                    0
                ],
                [
                    8,
                    4,
                    9,
                    3,
                    0,
                    4,
                    2,
                    2,
                    0,
                    0
                ],
                [
                    7,
                    7,
                    3,
                    8,
                    6,
                    6,
                    1,
                    7,
                    7,
                    3,
                    9
                ],
                [
                    1,
                    2,
                    8,
                    4,
                    1,
                    3,
                    1,
                    7,
                    0,
                    0,
                    6
                ],
                [
                    8,
                    0,
                    1,
                    1,
                    6,
                    0,
                    3,
                    3,
                    6,
                    2
                ],
                [
                    0,
                    0,
                    1,
                    1,
                    4,
                    8,
                    1,
                    4,
                    3,
                    1,
                    0,
                    5
                ],
                [
                    7,
                    7,
                    2,
                    8,
                    7,
                    6,
                    2,
                    1,
                    9,
                    1,
                    3,
                    4,
                    4,
                    9
                ],
                [
                    7,
                    8,
                    6,
                    7,
                    7,
                    3,
                    0,
                    6,
                    1,
                    1,
                    3,
                    2,
                    0
                ],
                [
                    7,
                    7,
                    4,
                    7,
                    2,
                    6,
                    8,
                    0,
                    9,
                    7,
                    0
                ],
                [
                    2,
                    1,
                    6,
                    1,
                    2,
                    0,
                    3,
                    1,
                    4,
                    7,
                    1,
                    1,
                    4
                ],
                [
                    2,
                    9,
                    6,
                    2,
                    3,
                    0,
                    4,
                    0,
                    7,
                    8,
                    5,
                    2,
                    9
                ]
            ]
        },
        {
            "index": 2,
            "makespan": 1383.0,
            "load_balance": 85.52315475939834,
            "idle_time": 11293.0,