{
    "algorithm": "without Hybrid Init",
    "runtime": 95.6234188079834,
    "solutions": [
        {
            "index": 1,
            "makespan": 233.0,
            "load_balance": 98.45865460520302,
            "idle_time": 1813.0,
            "schedule": [
                [
                    6,
                    0,
                    8,
                    0,
                    6,
                    0,
                    0,
                    8,
                    0,
                    4,
                    6,
                    3,
                    9,
                    2,
                    4
                ],
                [
                    7,
                    1,
                    5,
                    1,
                    6,
                    0,
                    9,
                    6,
                    8,
                    6,
                    0,
                    0,
                    0,
                    1,
                    8
                ],
                [
                    7,
                    6,
                    0,
                    6,
                    1,
                    0,
                    0,
                    8,
                    0,
                    6,
                    9,
                    9,
                    8,
                    5,
                    6
                ],
                [
                    4,
                    3,
                    7,
                    3,
                    3,
                    0,
                    4,
                    0,
                    8,
                    0,
                    5,
                    0,
                    1,
                    4,
                    9
                ],
                [
                    7,
                    7,
                    8,
                    0,
                    6,
                    1,
                    0,
                    6,
                    6,
                    0,
                    8,
                    6,
                    1,
                    0,
                    6
                ],
                [
                    2,
                    2,
                    4,
                    5,
                    8,
                    3,
                    8,
                    3,
                    8,
                    6,
                    0,
                    8,
                    0,
                    0,
                    3
                ],
                [
                    4,
                    7,
                    2,
                    1,
                    0,
                    0,
                    1,
                    6,
                    9,
                    0,
                    0,
                    6,
                    4,
                    6,
                    3
                ],
                [
                    8,
                    8,
                    2,
                    7,
                    5,
                    8,
                    9,
                    0,
                    0,
                    5,
                    1,
                    6,
                    0,
                    1,
                    6
                ],
                [
                    8,
                    8,
                    4,
                    8,
                    4,
                    6,
                    0,
                    9,
                    0,
                    0,
                    8,
                    8,
                    4,
                    7,
                    4
                ],
                [
                    0,
                    6,
                    9,
                    6,
                    8,
                    0,
                    6,
                    0,
                    8,
                    8,
                    0,
                    0,
                    3,
                    6,
                    0
                ]
            ]
        }
    ]
}