{
    "algorithm": "Advanced NSGA-II",
    "runtime": 142.71921706199646,
    "solutions": [
        {
            "index": 1,
            "makespan": 394.0,
            "load_balance": 6.378675411086537,
            "idle_time": 860.0,
            "schedule": [
                [
                    2,
                    3,
                    1,
                    2,
                    1,
                    3
                ],
                [
                    2,
                    0,
                    3,
                    1,
                    0
                ],
                [
                    2,
                    2,
                    3,
                    3,
                    1,
                    3,
                    1,
                    2
                ],
                [
                    0,
                    3,
                    3,
                    3,
                    0,
                    3,
                    3
                ],
                [
                    2,
                    1,
                    2,
                    2,
                    1,
                    0
                ],
                [
                    3,
                    3,
                    2,
                    0,
                    3,
                    3,
                    1,
                    0,
                    0
                ],
                [
                    2,
                    2,
                    1,
                    3,
                    2
                ],
                [
                    0,
                    2,
                    3,
                    0,
                    2,
                    3,
                    2,
                    0
                ],
                [
                    1,
                    3,
                    3,
                    1,
                    3,
                    0,
                    0,
                    0,
                    2
                ],
                [
                    1,
                    3,
                    3,
                    3,
                    1,
                    2,
                    2,
                    3,
                    1
                ],
                [
                    0,
                    0,
                    0,
                    2,
                    3,
                    2,
                    2
                ],
                [
                    3,
                    2,
                    2,
                    1,
                    2,
                    0
                ],
                [
                    3,
                    3,
                    3,
                    3,
                    3,
                    0,
                    0
                ],
                [
                    1,
                    2,
                    3,
                    1,
                    3,
                    1,
                    3
                ],
                [
                    2,
                    0,
                    2,
                    2,
                    3,
                    1,
                    0
                ]
            ]
        },
        {
            "index": 2,
            "makespan": 393.0,
            "load_balance": 10.41633332799983,
            "idle_time": 857.0,
            "schedule": [
                [
                    2,
                    3,
                    1,
                    2,
                    1,
                    3
                ],
                [
                    2,
                    0,
                    3,
                    1,
                    0
                ],
                [
                    2,
                    2,
                    3,
                    3,
                    1,
                    3,
                    1,
                    2
                ],
                [
                    0,
                    3,
                    3,
                    3,
                    0,
                    3,
                    3
                ],
                [
                    2,
                    1,
                    2,
                    2,
                    1,
                    0
                ],
                [
                    3,
                    3,
                    2,
                    0,
                    3,
                    3,
                    1,
                    0,
                    0
                ],
                [
                    2,
                    2,
                    1,
                    3,
                    2
                ],
                [
                    0,
                    2,
                    3,
                    0,
                    2,
                    3,
                    2,
                    0
                ],
                [
                    1,
                    3,
                    3,
                    1,
                    3,
                    0,
                    0,
                    0,
                    2
                ],
                [
                    1,
                    3,
                    3,
                    3,
                    1,
                    2,
                    2,
                    3,
                    1
                ],
                [
                    0,
                    0,
                    0,
                    2,
                    3,
                    2,
                    2
                ],
                [
                    3,
                    2,
                    2,
                    1,
                    2,
                    0
                ],
                [
                    3,
                    3,
                    3,
                    3,
                    3,
                    0,
                    0
                ],
                [
                    1,
                    2,
                    3,
                    1,
                    3,
                    1,
                    3
                ],
                [
                    2,
                    0,
                    2,
                    2,
                    3,
                    1,
                    1
                ]
            ]
        }
    ]
}