{
    "algorithm": "Multiobjective ACO",
    "runtime": 793.5901992321014,
    "solutions": [
        {
            "index": 1,
            "makespan": 99.0,
            "load_balance": 7.408703590297622,
            "idle_time": 435.0,
            "schedule": [
                [
                    2,
                    1,
                    5,
                    0,
                    2,
                    3
                ],
                [
                    1,
                    2,
                    0,
                    1,
                    0,
                    -1
                ],
                [
                    1,
                    5,
                    0,
                    2,
                    4,
                    -1
                ],
                [
                    0,
                    1,
                    2,
                    1,
                    5,
                    -1
                ],
                [
                    1,
                    0,
                    1,
                    2,
                    1,
                    2
                ],
                [
                    5,
                    0,
                    2,
                    1,
                    0,
                    3
                ],
                [
                    5,
                    3,
                    2,
                    4,
                    2,
                    -1
                ],
                [
                    5,
                    5,
                    0,
                    1,
                    1,
                    -1
                ],
                [
                    5,
                    0,
                    3,
                    0,
                    2,
                    3
                ],
                [
                    5,
                    2,
                    1,
                    5,
                    1,
                    3
                ]
            ]
        },
        {
            "index": 2,
            "makespan": 112.0,
            "load_balance": 6.576473218982953,
            "idle_time": 513.0,
            "schedule": [
                [
                    2,
                    1,
                    5,
                    0,
                    2,
                    3
                ],
                [
                    1,
                    2,
                    0,
                    1,
                    0,
                    -1
                ],
                [
                    1,
                    5,
                    0,
                    2,
                    4,
                    -1
                ],
                [
                    0,
                    1,
                    2,
                    1,
                    5,
                    -1
                ],
                [
                    1,
                    0,
                    1,
                    2,
                    1,
                    2
                ],
                [
                    5,
                    0,
                    2,
                    1,
                    0,
                    3
                ],
                [
                    5,
                    3,
                    2,
                    4,
                    2,
                    -1
                ],
                [
                    5,
                    2,
                    0,
                    1,
                    1,
                    -1
                ],
                [
                    5,
                    0,
                    3,
                    0,
                    2,
                    3
                ],
                [
                    5,
                    2,
                    4,
                    5,
                    1,
                    3
                ]
            ]
        },
        {
            "index": 3,
            "makespan": 101.0,
            "load_balance": 6.871842709362768,
            "idle_time": 445.0,
            "schedule": [
                [
                    2,
                    1,
                    5,
                    0,
                    2,
                    3
                ],
                [
                    1,
                    2,
                    0,
                    1,
                    0,
                    -1
                ],
                [
                    1,
                    5,
                    0,
                    2,
                    4,
                    -1
                ],
                [
                    0,
                    1,
                    2,
                    1,
                    5,
                    -1
                ],
                [
                    1,
                    0,
                    1,
                    2,
                    1,
                    2
                ],
                [
                    5,
                    0,
                    2,
                    1,
                    0,
                    3
                ],
                [
                    5,
                    3,
                    2,
                    4,
                    2,
                    -1
                ],
                [
                    5,
                    5,
                    0,
                    1,
                    1,
                    -1
                ],
                [
                    5,
                    0,
                    3,
                    0,
                    2,
                    3
                ],
                [
                    5,
                    2,
                    4,
                    5,
                    1,
                    3
                ]
            ]
        }
    ]
}