{
    "algorithm": "without Archive",
    "runtime": 79.60035514831543,
    "solutions": [
        {
            "index": 1,
            "makespan": 1076.0,
            "load_balance": 489.05759715327326,
            "idle_time": 8769.0,
            "schedule": [
                [
                    1,
                    6,
                    1,
                    8,
                    0,
                    3,
                    3,
                    1,
                    9,
                    9,
                    6,
                    9
                ],
                [
                    5,
                    4,
                    5,
                    0,
                    2,
                    4,
                    4,
                    2,
                    1,
                    8,
                    2,
                    9,
                    1
                ],
                [
                    4,
                    0,
                    0,
                    5,
                    0,
                    9,
                    2,
                    7,
                    1,
                    6,
                    8
                ],
                [
                    4,
                    2,
                    4,
                    1,
                    9,
                    5,
                    2,
                    9,
                    8,
                    1,
                    8
                ],
                [
                    5,
                    9,
                    6,
                    5,
                    2,
                    0,
                    4,
                    1,
                    4,
                    8,
                    9,
                    1,
                    4,
                    2
                ],
                [
                    8,
                    0,
                    8,
                    1,
                    6,
                    0,
                    5,
                    1,
                    6,
                    4,
                    4
                ],
                [
                    1,
                    5,
                    0,
                    9,
                    8,
                    8,
                    6,
                    4,
                    0,
                    4,
                    3,
                    4,
                    2,
                    0
                ],
                [
                    8,
                    5,
                    6,
                    1,
                    9,
                    8,
                    4,
                    6,
                    3,
                    0,
                    1,
                    2,
                    4
                ],
                [
                    5,
                    6,
                    8,
                    9,
                    9,
                    1,
                    3,
                    9,
                    3,
                    5,
                    0
                ],
                [
                    8,
                    4,
                    1,
                    8,
                    9,
                    0,
                    4,
                    2,
                    1,
                    2,
                    4,
                    8
                ],
                [
                    9,
                    6,
                    9,
                    9,
                    4,
                    0,
                    1,
                    8,
                    8,
                    2
                ],
                [
                    9,
                    4,
                    9,
                    3,
                    4,
                    1,
                    6,
                    1,
                    0,
                    4,
                    0
                ],
                [
                    6,
                    1,
                    3,
                    6,
                    8,
                    2,
                    1,
                    6,
                    2,
                    8,
                    1
                ],
                [
                    4,
                    3,
                    0,
                    5,
                    4,
                    4,
                    9,
                    0,
                    1,
                    2
                ],
                [
                    3,
                    4,
                    8,
                    3,
                    4,
                    3,
                    1,
                    5,
                    9,
                    2,
                    5,
                    2
                ],
                [
                    6,
                    4,
                    1,
                    3,
                    1,
                    4,
                    1,
                    8,
                    4,
                    1,
                    8,
                    4,
                    2,
                    5
                ],
                [
                    3,
                    9,
                    1,
                    6,
                    9,
                    4,
                    8,
                    4,
                    1,
                    0,
                    2,
                    8,
                    2
                ],
                [
                    3,
                    5,
                    4,
                    5,
                    1,
                    1,
                    9,
                    1,
                    8,
                    1,
                    4
                ],
                [
                    1,
                    1,
                    1,
                    0,
                    2,
                    4,
                    2,
                    8,
                    5,
                    0,
                    6,
                    4,
                    6
                ],
                [
                    2,
                    8,
                    4,
                    1,
                    4,
                    4,
                    6,
                    8,
                    6,
                    3,
                    3,
                    2,
                    0
                ]
            ]
        },
        {
            "index": 2,
            "makespan": 1071.0,
            "load_balance": 495.95642281689766,
            "idle_time": 7657.0,