{
    "algorithm": "Advanced NSGA-II",
    "runtime": 87.85683727264404,
    "solutions": [
        {
            "index": 1,
            "makespan": 340.0,
            "load_balance": 10.403845442911962,
            "idle_time": 776.0,
            "schedule": [
                [
                    1,
                    0,
                    1,
                    3,
                    2
                ],
                [
                    4,
                    0,
                    0,
                    0,
                    4
                ],
                [
                    1,
                    3,
                    3,
                    1,
                    3
                ],
                [
                    0,
                    4,
                    1,
                    0,
                    0
                ],
                [
                    2,
                    2,
                    2,
                    4,
                    3
                ],
                [
                    2,
                    0,
                    0,
                    1,
                    1
                ],
                [
                    3,
                    4,
                    1,
                    2,
                    2
                ],
                [
                    3,
                    3,
                    2,
                    1,
                    1
                ],
                [
                    4,
                    4,
                    4,
                    4,
                    0
                ],
                [
                    4,
                    4,
                    0,
                    3,
                    4
                ],
                [
                    3,
                    4,
                    4,
                    4,
                    0
                ],
                [
                    2,
                    2,
                    2,
                    3,
                    1
                ],
                [
                    4,
                    3,
                    3,
                    2,
                    1
                ],
                [
                    4,
                    0,
                    4,
                    0,
                    0
                ],
                [
                    4,
                    4,
                    4,
                    4,
                    0
                ],
                [
                    3,
                    2,
                    1,
                    0,
                    3
                ],
                [
                    2,
                    2,
                    0,
                    0,
                    2
                ],
                [
                    1,
                    1,
                    2,
                    2,
                    0
                ],
                [
                    4,
                    4,
                    1,
                    3,
                    4
                ],
                [
                    3,
                    1,
                    3,
                    4,
                    0
                ]
            ]
        },
        {
            "index": 2,
            "makespan": 342.0,
            "load_balance": 10.107423014794623,
            "idle_time": 771.0,
            "schedule": [
                [
                    1,
                    0,
                    1,
                    3,
                    2
                ],
                [
                    4,
                    0,
                    0,
                    0,
                    4
                ],
                [
                    1,
                    3,
                    3,
                    1,
                    3
                ],
                [
                    0,
                    4,
                    1,
                    0,
                    0
                ],
                [
                    2,
                    2,
                    2,
                    4,
                    3
                ],
                [
                    2,
                    0,
                    0,
                    1,
                    1
                ],
                [
                    3,
                    0,
                    1,
                    2,
                    2
                ],
                [
                    3,
                    3,
                    2,
                    1,
                    1
                ],
                [
                    4,
                    4,
                    4,
                    4,
                    0
                ],
                [
                    4,
                    4,
                    0,
                    3,
                    4
                ],
                [
                    3,
                    4,
                    4,
                    4,
                    0
                ],
                [
                    2,
                    2,
                    0,
                    3,
                    1
                ],
                [
                    4,
                    3,
                    3,
                    2,
                    1
                ],
                [
                    4,
                    0,
                    4,
                    0,
                    0
                ],
                [
                    4,
                    4,
                    4,
                    4,
                    0
                ],
                [
                    3,
                    2,
                    1,
                    0,
                    3
                ],
                [
                    2,
                    2,
                    0,
                    0,
                    2
                ],
                [
                    1,
                    1,
                    2,
                    2,
                    0
                ],
                [
                    4,
                    4,
                    4,
                    3,
                    4
                ],
                [
                    3,
                    1,
                    3,
                    4,
                    0
                ]
            ]
        },
        {
            "index": 3,
            "makespan": 341.0,
            "load_balance": 9.979979959899719,
            "idle_time": 780.0,