{
    "algorithm": "Multiobjective ACO",
    "runtime": 1098.9583637714386,
    "solutions": [
        {
            "index": 1,
            "makespan": 219.0,
            "load_balance": 67.8375817670412,
            "idle_time": 1203.0,
            "schedule": [
                [
                    0,
                    0,
                    2,
                    3,
                    0,
                    2,
                    4,
                    5,
                    -1
                ],
                [
                    5,
                    5,
                    0,
                    2,
                    2,
                    5,
                    6,
                    -1,
                    -1
                ],
                [
                    5,
                    2,
                    6,
                    3,
                    0,
                    2,
                    -1,
                    -1,
                    -1
                ],
                [
                    6,
                    0,
                    0,
                    2,
                    3,
                    -1,
                    -1,
                    -1,
                    -1
                ],
                [
                    6,
                    0,
                    2,
                    0,
                    0,
                    2,
                    3,
                    -1,
                    -1
                ],
                [
                    5,
                    2,
                    6,
                    5,
                    4,
                    0,
                    0,
                    5,
                    0
                ],
                [
                    4,
                    2,
                    5,
                    5,
                    2,
                    -1,
                    -1,
                    -1,
                    -1
                ],
                [
                    3,
                    4,
                    2,
                    5,
                    5,
                    0,
                    -1,
                    -1,
                    -1
                ],
                [
                    0,
                    0,
                    2,
                    7,
                    3,
                    5,
                    6,
                    2,
                    2
                ],
                [
                    4,
                    0,
                    6,
                    3,
                    6,
                    -1,
                    -1,
                    -1,
                    -1
                ],
                [
                    0,
                    0,
                    2,
                    3,
                    -1,
                    -1,
                    -1,
                    -1,
                    -1
                ],
                [
                    3,
                    5,
                    0,
                    0,
                    0,
                    6,
                    -1,
                    -1,
                    -1
                ],
                [
                    5,
                    2,
                    5,
                    4,
                    -1,
                    -1,
                    -1,
                    -1,
                    -1
                ],
                [
                    4,
                    5,
                    3,
                    -1,
                    -1,
                    -1,
                    -1,
                    -1,
                    -1
                ],
                [
                    3,
                    6,
                    0,
                    2,
                    6,
                    0,
                    -1,
                    -1,
                    -1
                ]
            ]
        },
        {
            "index": 2,
            "makespan": 217.0,
            "load_balance": 19.665563175256384,
            "idle_time": 1406.0,
            "schedule": [
                [
                    0,
                    0,
                    2,
                    3,
                    0,
                    2,
                    4,
                    5,
                    -1
                ],
                [
                    5,
                    5,
                    0,
                    2,
                    2,
                    5,
                    6,
                    -1,
                    -1
                ],
                [
                    5,
                    2,
                    6,
                    3,
                    0,
                    2,
                    -1,
                    -1,
                    -1
                ],
                [
                    6,
                    0,
                    0,
                    2,
                    3,
                    -1,
                    -1,
                    -1,
                    -1
                ],
                [
                    6,
                    0,
                    2,
                    0,
                    0,
                    2,
                    3,
                    -1,
                    -1
                ],
                [
                    5,
                    2,
                    6,
                    5,
                    3,
                    0,
                    0,
                    5,
                    0
                ],
                [
                    4,
                    2,
                    5,
                    5,
                    2,
                    -1,
                    -1,
                    -1,
                    -1
                ],
                [
                    3,
                    4,
                    1,
                    5,
                    5,
                    0,
                    -1,
                    -1,
                    -1
                ],
                [
                    0,
                    0,
                    2,
                    7,
                    3,
                    5,
                    6,
                    2,
                    2
                ],
                [
                    4,
                    0,
                    6,
                    3,
                    6,
                    -1,
                    -1,
                    -1,
                    -1
                ],
                [
                    0,
                    0,
                    2,
                    3,
                    -1,
                    -1,
                    -1,
                    -1,
                    -1
                ],
                [
                    3,
                    5,
                    0,
                    0,
                    0,
                    6,
                    -1,
                    -1,
                    -1
                ],
                [
                    5,
                    2,
                    5,
                    4,
                    -1,
                    -1,
                    -1,
                    -1,
                    -1
                ],
                [
                    4,
                    5,
                    3,
                    -1,
                    -1,
                    -1,
                    -1,
                    -1,
                    -1
                ],
                [
                    3,
                    6,
                    0,
                    1,
                    6,
                    0,
                    -1,
                    -1,
                    -1
                ]
            ]
        },
        {
            "index": 3,
            "makespan": 221.0,
            "load_balance": 13.199786930098531,