{
    "algorithm": "SPEA-II",
    "runtime": 67.83732295036316,
    "solutions": [
        {
            "index": 1,
            "makespan": 316.0,
            "load_balance": 11.16422858956229,
            "idle_time": 649.0,
            "schedule": [
                [
                    1,
                    2,
                    1,
                    3,
                    2
                ],
                [
                    0,
                    4,
                    0,
                    4,
                    4
                ],
                [
                    1,
                    3,
                    3,
                    1,
                    3
                ],
                [
                    0,
                    4,
                    0,
                    0,
                    0
                ],
                [
                    2,
                    2,
                    2,
                    2,
                    3
                ],
                [
                    4,
                    0,
                    4,
                    0,
                    0
                ],
                [
                    3,
                    0,
                    1,
                    0,
                    1
                ],
                [
                    3,
                    3,
                    3,
                    1,
                    1
                ],
                [
                    4,
                    4,
                    4,
                    2,
                    4
                ],
                [
                    0,
                    4,
                    0,
                    3,
                    4
                ],
                [
                    3,
                    1,
                    4,
                    4,
                    4
                ],
                [
                    2,
                    2,
                    2,
                    2,
                    2
                ],
                [
                    0,
                    3,
                    3,
                    0,
                    1
                ],
                [
                    2,
                    2,
                    2,
                    0,
                    1
                ],
                [
                    2,
                    2,
                    4,
                    2,
                    0
                ],
                [
                    3,
                    3,
                    1,
                    4,
                    3
                ],
                [
                    4,
                    4,
                    0,
                    0,
                    4
                ],
                [
                    1,
                    1,
                    4,
                    0,
                    0
                ],
                [
                    2,
                    3,
                    1,
                    3,
                    4
                ],
                [
                    3,
                    1,
                    3,
                    4,
                    2
                ]
            ]
        },
        {
            "index": 2,
            "makespan": 314.0,
            "load_balance": 11.160645142642965,
            "idle_time": 681.0,
            "schedule": [
                [
                    1,
                    2,
                    1,
                    3,
                    2
                ],
                [
                    0,
                    4,
                    0,
                    4,
                    4
                ],
                [
                    4,
                    3,
                    3,
                    1,
                    3
                ],
                [
                    0,
                    4,
                    0,
                    0,
                    0
                ],
                [
                    2,
                    2,
                    2,
                    2,
                    3
                ],
                [
                    4,
                    0,
                    4,
                    0,
                    1
                ],
                [
                    3,
                    0,
                    1,
                    0,
                    1
                ],
                [
                    3,
                    3,
                    3,
                    1,
                    1
                ],
                [
                    4,
                    4,
                    4,
                    2,
                    4
                ],
                [
                    0,
                    4,
                    0,
                    3,
                    1
                ],
                [
                    3,
                    1,
                    4,
                    4,
                    4
                ],
                [
                    2,
                    2,
                    2,
                    2,
                    2
                ],
                [
                    0,
                    3,
                    3,
                    0,
                    1
                ],
                [
                    2,
                    2,
                    2,
                    0,
                    1
                ],
                [
                    3,
                    2,
                    4,
                    2,
                    0
                ],
                [
                    3,
                    3,
                    1,
                    4,
                    3
                ],
                [
                    4,
                    4,
                    0,
                    0,
                    4
                ],
                [
                    1,
                    4,
                    4,
                    0,
                    0
                ],
                [
                    2,
                    3,
                    1,
                    3,
                    4
                ],
                [
                    3,
                    1,
                    3,
                    4,
                    2
                ]
            ]
        }
    ]
}