{
    "algorithm": "NSGA-III",
    "runtime": 75.2229585647583,
    "solutions": [
        {
            "index": 1,
            "makespan": 1394.0,
            "load_balance": 32.955879596818534,
            "idle_time": 11330.0,
            "schedule": [
                [
                    1,
                    7,
                    7,
                    0,
                    1,
                    8,
                    6,
                    0,
                    8,
                    3,
                    1,
                    5
                ],
                [
                    7,
                    4,
                    0,
                    7,
                    2,
                    0,
                    6,
                    0,
                    6,
                    0,
                    3,
                    3,
                    8
                ],
                [
                    7,
                    7,
                    9,
                    1,
                    5,
                    3,
                    0,
                    0,
                    3,
                    1,
                    2
                ],
                [
                    5,
                    4,
                    0,
                    7,
                    3,
                    7,
                    0,
                    1,
                    2,
                    0,
                    0
                ],
                [
                    7,
                    3,
                    4,
                    4,
                    3,
                    1,
                    6,
                    7,
                    4,
                    4,
                    6,
                    7,
                    5,
                    4
                ],
                [
                    9,
                    9,
                    0,
                    2,
                    4,
                    6,
                    7,
                    7,
                    1,
                    6,
                    3
                ],
                [
                    7,
                    7,
                    7,
                    3,
                    0,
                    1,
                    1,
                    4,
                    6,
                    3,
                    1,
                    6,
                    3,
                    1
                ],
                [
                    0,
                    9,
                    4,
                    2,
                    8,
                    6,
                    5,
                    1,
                    7,
                    6,
                    0,
                    6,
                    4
                ],
                [
                    7,
                    1,
                    0,
                    3,
                    4,
                    2,
                    9,
                    8,
                    8,
                    0,
                    4
                ],
                [
                    3,
                    7,
                    2,
                    1,
                    8,
                    7,
                    3,
                    6,
                    0,
                    2,
                    9,
                    0
                ],
                [
                    8,
                    4,
                    1,
                    3,
                    3,
                    4,
                    2,
                    2,
                    0,
                    0
                ],
                [
                    1,
                    8,
                    3,
                    8,
                    6,
                    6,
                    1,
                    7,
                    3,
                    4,
                    9
                ],
                [
                    1,
                    2,
                    8,
                    4,
                    1,
                    3,
                    1,
                    7,
                    0,
                    0,
                    3
                ],
                [
                    6,
                    0,
                    1,
                    1,
                    6,
                    3,
                    3,
                    3,
                    6,
                    2
                ],
                [
                    0,
                    8,
                    9,
                    5,
                    4,
                    1,
                    1,
                    4,
                    3,
                    1,
                    0,
                    5
                ],
                [
                    7,
                    7,
                    2,
                    8,
                    7,
                    1,
                    6,
                    1,
                    0,
                    1,
                    3,
                    4,
                    0,
                    1
                ],
                [
                    9,
                    8,
                    2,
                    7,
                    7,
                    3,
                    0,
                    6,
                    1,
                    1,
                    3,
                    2,
                    0
                ],
                [
                    5,
                    6,
                    4,
                    7,
                    2,
                    8,
                    8,
                    0,
                    9,
                    7,
                    4
                ],
                [
                    2,
                    1,
                    6,
                    1,
                    2,
                    0,
                    3,
                    1,
                    4,
                    4,
                    1,
                    5,
                    4
                ],
                [
                    2,
                    9,
                    6,
                    2,
                    3,
                    0,
                    4,
                    0,
                    7,
                    8,
                    1,
                    2,
                    9
                ]
            ]
        },
        {
            "index": 2,
            "makespan": 1406.0,
            "load_balance": 32.851179583083464,
            "idle_time": 11437.0,