{
    "algorithm": "without Weight Schedule",
    "runtime": 147.52486991882324,
    "solutions": [
        {
            "index": 1,
            "makespan": 83.0,
            "load_balance": 4.358898943540674,
            "idle_time": 299.0,
            "schedule": [
                [
                    2,
                    4,
                    5,
                    0,
                    2,
                    5
                ],
                [
                    1,
                    2,
                    0,
                    3,
                    5
                ],
                [
                    1,
                    2,
                    5,
                    5,
                    4
                ],
                [
                    0,
                    1,
                    2,
                    2,
                    2
                ],
                [
                    1,
                    0,
                    1,
                    0,
                    1,
                    1
                ],
                [
                    5,
                    0,
                    2,
                    1,
                    0,
                    0
                ],
                [
                    5,
                    3,
                    2,
                    1,
                    2
                ],
                [
                    5,
                    5,
                    1,
                    1,
                    1
                ],
                [
                    5,
                    0,
                    3,
                    0,
                    2,
                    3
                ],
                [
                    5,
                    2,
                    4,
                    5,
                    3,
                    0
                ]
            ]
        },
        {
            "index": 2,
            "makespan": 77.0,
            "load_balance": 6.841458583924598,
            "idle_time": 264.0,
            "schedule": [
                [
                    2,
                    4,
                    5,
                    0,
                    2,
                    5
                ],
                [
                    1,
                    2,
                    0,
                    3,
                    5
                ],
                [
                    1,
                    2,
                    5,
                    5,
                    4
                ],
                [
                    0,
                    1,
                    2,
                    2,
                    2
                ],
                [
                    1,
                    0,
                    1,
                    2,
                    1,
                    1
                ],
                [
                    5,
                    0,
                    2,
                    1,
                    0,
                    0
                ],
                [
                    5,
                    3,
                    2,
                    4,
                    2
                ],
                [
                    5,
                    5,
                    1,
                    1,
                    1
                ],
                [
                    5,
                    4,
                    3,
                    0,
                    2,
                    3
                ],
                [
                    5,
                    5,
                    4,
                    5,
                    3,
                    3
                ]
            ]
        },
        {
            "index": 3,
            "makespan": 79.0,
            "load_balance": 5.90668171555645,
            "idle_time": 277.0,
            "schedule": [
                [
                    2,
                    4,
                    5,
                    0,
                    2,
                    5
                ],
                [
                    1,
                    2,
                    0,
                    3,
                    5
                ],
                [
                    1,
                    2,
                    5,
                    5,
                    4
                ],
                [
                    0,
                    1,
                    2,
                    2,
                    2
                ],
                [
                    1,
                    0,
                    1,
                    0,
                    1,
                    1
                ],
                [
                    5,
                    0,
                    2,
                    1,
                    0,
                    0
                ],
                [
                    5,
                    3,
                    2,
                    4,
                    2
                ],
                [
                    5,
                    5,
                    1,
                    1,
                    1
                ],
                [
                    5,
                    4,
                    3,
                    0,
                    2,
                    3
                ],
                [
                    5,
                    2,
                    4,
                    5,
                    3,
                    3
                ]
            ]
        },
        {
            "index": 4,
            "makespan": 80.0,
            "load_balance": 4.5,
            "idle_time": 277.0,
            "schedule": [
                [
                    2,
                    4,
                    5,
                    0,
                    2,
                    5
                ],
                [
                    1,
                    2,
                    0,
                    3,
                    5
                ],
                [
                    1,
                    2,
                    5,
                    5,
                    4
                ],
                [
                    0,
                    1,
                    2,
                    2,
                    2
                ],
                [
                    1,
                    0,
                    1,
                    0,
                    1,
                    1
                ],
                [
                    5,
                    0,
                    2,
                    1,
                    0,
                    0
                ],
                [
                    5,
                    3,
                    2,
                    1,
                    2
                ],
                [
                    5,
                    5,
                    1,
                    1,
                    1
                ],
                [
                    5,
                    4,
                    3,
                    0,
                    2,
                    3
                ],
                [
                    5,
                    2,
                    4,
                    5,
                    3,
                    0
                ]
            ]
        },
        {
            "index": 5,
            "makespan": 80.0,
            "load_balance": 4.422166387140534,
            "idle_time": 283.0,