{
    "algorithm": "NSGA-III",
    "runtime": 77.23258781433105,
    "solutions": [
        {
            "index": 1,
            "makespan": 58.0,
            "load_balance": 1.3743685418725535,
            "idle_time": 142.0,
            "schedule": [
                [
                    1,
                    2,
                    0,
                    1,
                    4,
                    2
                ],
                [
                    3,
                    5,
                    4,
                    2,
                    4,
                    2
                ],
                [
                    5,
                    0,
                    1,
                    0,
                    2,
                    2
                ],
                [
                    5,
                    5,
                    1,
                    0,
                    1,
                    2
                ],
                [
                    3,
                    3,
                    3,
                    3,
                    3,
                    1
                ],
                [
                    5,
                    5,
                    0,
                    0,
                    1,
                    0
                ],
                [
                    4,
                    4,
                    5,
                    4,
                    4
                ],
                [
                    1,
                    0,
                    5,
                    4,
                    4,
                    0
                ],
                [
                    1,
                    2,
                    1,
                    1,
                    2
                ],
                [
                    3,
                    3,
                    5,
                    3,
                    5,
                    3
                ]
            ]
        },
        {
            "index": 2,
            "makespan": 58.0,
            "load_balance": 1.5275252316519468,
            "idle_time": 139.0,
            "schedule": [
                [
                    1,
                    2,
                    0,
                    1,
                    4,
                    2
                ],
                [
                    3,
                    5,
                    4,
                    2,
                    4,
                    2
                ],
                [
                    5,
                    0,
                    1,
                    0,
                    2,
                    2
                ],
                [
                    5,
                    5,
                    1,
                    0,
                    1,
                    2
                ],
                [
                    3,
                    3,
                    3,
                    3,
                    3,
                    1
                ],
                [
                    5,
                    5,
                    0,
                    0,
                    1,
                    0
                ],
                [
                    4,
                    4,
                    5,
                    4,
                    4
                ],
                [
                    1,
                    0,
                    5,
                    5,
                    4,
                    0
                ],
                [
                    1,
                    2,
                    1,
                    1,
                    2
                ],
                [
                    3,
                    3,
                    3,
                    3,
                    5,
                    3
                ]
            ]
        }
    ]
}