{
    "algorithm": "Multiobjective ACO",
    "runtime": 1822.3522341251373,
    "solutions": [
        {
            "index": 1,
            "makespan": 294.0,
            "load_balance": 138.42103244168575,
            "idle_time": 2009.0,
            "schedule": [
                [
                    6,
                    0,
                    8,
                    0,
                    6,
                    0,
                    0,
                    8,
                    0,
                    4,
                    6,
                    1,
                    9,
                    8,
                    0
                ],
                [
                    7,
                    8,
                    0,
                    1,
                    6,
                    0,
                    9,
                    4,
                    8,
                    6,
                    0,
                    0,
                    0,
                    6,
                    8
                ],
                [
                    0,
                    4,
                    0,
                    6,
                    1,
                    0,
                    0,
                    8,
                    8,
                    6,
                    0,
                    9,
                    8,
                    0,
                    6
                ],
                [
                    0,
                    8,
                    0,
                    1,
                    6,
                    0,
                    6,
                    0,
                    8,
                    0,
                    6,
                    0,
                    8,
                    4,
                    9
                ],
                [
                    9,
                    0,
                    0,
                    0,
                    6,
                    1,
                    0,
                    8,
                    6,
                    0,
                    8,
                    4,
                    8,
                    0,
                    6
                ],
                [
                    2,
                    7,
                    4,
                    0,
                    8,
                    6,
                    0,
                    1,
                    8,
                    6,
                    0,
                    8,
                    0,
                    0,
                    9
                ],
                [
                    0,
                    9,
                    6,
                    0,
                    0,
                    0,
                    1,
                    8,
                    8,
                    0,
                    0,
                    6,
                    4,
                    6,
                    8
                ],
                [
                    8,
                    8,
                    6,
                    0,
                    0,
                    8,
                    9,
                    0,
                    0,
                    6,
                    0,
                    6,
                    0,
                    1,
                    4
                ],
                [
                    6,
                    0,
                    6,
                    8,
                    1,
                    6,
                    0,
                    9,
                    0,
                    0,
                    8,
                    8,
                    4,
                    0,
                    0
                ],
                [
                    0,
                    6,
                    9,
                    6,
                    8,
                    0,
                    4,
                    0,
                    8,
                    8,
                    0,
                    0,
                    1,
                    6,
                    0
                ]
            ]
        },
        {
            "index": 2,
            "makespan": 307.0,
            "load_balance": 146.0277903536021,
            "idle_time": 1508.0,