{
    "algorithm": "Advanced NSGA-II",
    "runtime": 126.01292729377747,
    "solutions": [
        {
            "index": 1,
            "makespan": 159.0,
            "load_balance": 62.31861178652811,
            "idle_time": 571.0,
            "schedule": [
                [
                    0,
                    0,
                    2,
                    3,
                    2,
                    2,
                    4,
                    3
                ],
                [
                    5,
                    5,
                    0,
                    5,
                    2,
                    5,
                    6
                ],
                [
                    5,
                    2,
                    6,
                    3,
                    2,
                    3
                ],
                [
                    6,
                    0,
                    0,
                    5,
                    3
                ],
                [
                    6,
                    6,
                    2,
                    0,
                    0,
                    2,
                    4
                ],
                [
                    5,
                    2,
                    6,
                    5,
                    3,
                    0,
                    2,
                    5,
                    6
                ],
                [
                    4,
                    2,
                    5,
                    5,
                    2
                ],
                [
                    3,
                    4,
                    3,
                    5,
                    5,
                    6
                ],
                [
                    0,
                    0,
                    2,
                    2,
                    3,
                    5,
                    6,
                    2,
                    2
                ],
                [
                    4,
                    0,
                    6,
                    4,
                    6
                ],
                [
                    0,
                    0,
                    2,
                    6
                ],
                [
                    3,
                    5,
                    0,
                    0,
                    0,
                    6
                ],
                [
                    5,
                    5,
                    5,
                    4
                ],
                [
                    5,
                    5,
                    3
                ],
                [
                    4,
                    6,
                    0,
                    2,
                    2,
                    0
                ]
            ]
        },
        {
            "index": 2,
            "makespan": 151.0,
            "load_balance": 9.116434335857413,
            "idle_time": 822.0,
            "schedule": [
                [
                    0,
                    0,
                    2,
                    3,
                    2,
                    2,
                    4,
                    3
                ],
                [
                    5,
                    5,
                    0,
                    5,
                    1,
                    5,
                    6
                ],
                [
                    5,
                    1,
                    2,
                    3,
                    2,
                    3
                ],
                [
                    6,
                    0,
                    0,
                    5,
                    4
                ],
                [
                    6,
                    6,
                    2,
                    0,
                    0,
                    1,
                    4
                ],
                [
                    5,
                    2,
                    6,
                    5,
                    3,
                    0,
                    2,
                    5,
                    6
                ],
                [
                    4,
                    2,
                    5,
                    5,
                    2
                ],
                [
                    3,
                    4,
                    3,
                    5,
                    5,
                    6
                ],
                [
                    0,
                    0,
                    2,
                    2,
                    3,
                    5,
                    6,
                    2,
                    2
                ],
                [
                    4,
                    0,
                    6,
                    4,
                    6
                ],
                [
                    7,
                    0,
                    2,
                    6
                ],
                [
                    3,
                    5,
                    0,
                    0,
                    7,
                    6
                ],
                [
                    5,
                    2,
                    5,
                    4
                ],
                [
                    5,
                    5,
                    3
                ],
                [
                    4,
                    6,
                    0,
                    1,
                    2,
                    0
                ]
            ]
        },
        {
            "index": 3,
            "makespan": 155.0,
            "load_balance": 8.88731539892672,
            "idle_time": 849.0,