{
    "algorithm": "without Adaptive Crossover",
    "runtime": 76.56075835227966,
    "solutions": [
        {
            "index": 1,
            "makespan": 474.0,
            "load_balance": 18.98971761243437,
            "idle_time": 2658.0,
            "schedule": [
                [
                    3,
                    3,
                    6,
                    1,
                    5,
                    4,
                    4,
                    0,
                    1,
                    6
                ],
                [
                    2,
                    0,
                    1,
                    7,
                    0,
                    6,
                    3,
                    1,
                    7,
                    5
                ],
                [
                    2,
                    2,
                    2,
                    5,
                    7,
                    5,
                    0,
                    4,
                    0,
                    1
                ],
                [
                    2,
                    2,
                    3,
                    7,
                    5,
                    6,
                    4,
                    6,
                    0,
                    5
                ],
                [
                    6,
                    5,
                    4,
                    3,
                    0,
                    4,
                    4,
                    5,
                    2,
                    2
                ],
                [
                    1,
                    6,
                    3,
                    6,
                    0,
                    4,
                    3,
                    3,
                    4,
                    2
                ],
                [
                    1,
                    7,
                    1,
                    0,
                    6,
                    6,
                    4,
                    3,
                    2,
                    5
                ],
                [
                    7,
                    0,
                    6,
                    6,
                    1,
                    7,
                    1,
                    1,
                    3,
                    2
                ],
                [
                    0,
                    4,
                    6,
                    5,
                    6,
                    7,
                    4,
                    1,
                    2,
                    7
                ],
                [
                    0,
                    5,
                    4,
                    0,
                    0,
                    3,
                    4,
                    5,
                    2,
                    2
                ],
                [
                    1,
                    6,
                    6,
                    3,
                    5,
                    0,
                    4,
                    4,
                    2,
                    1
                ],
                [
                    3,
                    3,
                    6,
                    0,
                    0,
                    5,
                    4,
                    2,
                    3,
                    1
                ],
                [
                    7,
                    4,
                    3,
                    1,
                    6,
                    6,
                    3,
                    5,
                    5,
                    0
                ],
                [
                    7,
                    4,
                    1,
                    1,
                    4,
                    2,
                    6,
                    4,
                    0,
                    0
                ],
                [
                    7,
                    4,
                    5,
                    7,
                    6,
                    0,
                    2,
                    4,
                    3,
                    1
                ]
            ]
        },
        {
            "index": 2,
            "makespan": 470.0,
            "load_balance": 19.440614702215566,
            "idle_time": 2633.0,