{
    "algorithm": "NSGA-III",
    "runtime": 73.07205271720886,
    "solutions": [
        {
            "index": 1,
            "makespan": 399.0,
            "load_balance": 6.708203932499369,
            "idle_time": 875.0,
            "schedule": [
                [
                    2,
                    0,
                    1,
                    2,
                    1,
                    3
                ],
                [
                    2,
                    0,
                    3,
                    1,
                    0
                ],
                [
                    2,
                    2,
                    3,
                    3,
                    1,
                    3,
                    0,
                    2
                ],
                [
                    3,
                    3,
                    0,
                    3,
                    0,
                    3,
                    3
                ],
                [
                    2,
                    1,
                    2,
                    2,
                    1,
                    0
                ],
                [
                    3,
                    3,
                    2,
                    0,
                    1,
                    3,
                    0,
                    3,
                    3
                ],
                [
                    2,
                    2,
                    1,
                    1,
                    2
                ],
                [
                    0,
                    2,
                    3,
                    3,
                    2,
                    3,
                    2,
                    0
                ],
                [
                    1,
                    3,
                    3,
                    1,
                    3,
                    3,
                    3,
                    1,
                    2
                ],
                [
                    0,
                    0,
                    0,
                    3,
                    1,
                    2,
                    2,
                    3,
                    3
                ],
                [
                    0,
                    0,
                    0,
                    2,
                    3,
                    2,
                    2
                ],
                [
                    3,
                    2,
                    2,
                    0,
                    2,
                    0
                ],
                [
                    3,
                    3,
                    3,
                    3,
                    3,
                    1,
                    2
                ],
                [
                    1,
                    0,
                    3,
                    1,
                    3,
                    1,
                    3
                ],
                [
                    2,
                    0,
                    2,
                    2,
                    1,
                    1,
                    0
                ]
            ]
        },
        {
            "index": 2,
            "makespan": 409.0,
            "load_balance": 6.378675411086537,
            "idle_time": 914.0,
            "schedule": [
                [
                    2,
                    0,
                    1,
                    2,
                    1,
                    3
                ],
                [
                    2,
                    0,
                    3,
                    1,
                    0
                ],
                [
                    2,
                    2,
                    3,
                    3,
                    1,
                    3,
                    0,
                    2
                ],
                [
                    3,
                    3,
                    0,
                    3,
                    0,
                    3,
                    3
                ],
                [
                    2,
                    1,
                    2,
                    2,
                    1,
                    0
                ],
                [
                    3,
                    3,
                    2,
                    0,
                    1,
                    3,
                    0,
                    3,
                    3
                ],
                [
                    2,
                    2,
                    1,
                    1,
                    2
                ],
                [
                    0,
                    2,
                    3,
                    3,
                    2,
                    3,
                    2,
                    0
                ],
                [
                    1,
                    3,
                    3,
                    1,
                    3,
                    3,
                    3,
                    1,
                    2
                ],
                [
                    0,
                    0,
                    0,
                    3,
                    1,
                    2,
                    2,
                    3,
                    3
                ],
                [
                    0,
                    0,
                    0,
                    2,
                    3,
                    2,
                    2
                ],
                [
                    3,
                    2,
                    2,
                    0,
                    2,
                    0
                ],
                [
                    3,
                    3,
                    3,
                    3,
                    3,
                    1,
                    2
                ],
                [
                    1,
                    0,
                    3,
                    0,
                    3,
                    1,
                    3
                ],
                [
                    2,
                    0,
                    2,
                    2,
                    3,
                    1,
                    0
                ]
            ]
        },
        {
            "index": 3,
            "makespan": 389.0,
            "load_balance": 11.280514172678478,
            "idle_time": 841.0,