{
    "algorithm": "Standard NSGA-II",
    "runtime": 56.11562514305115,
    "solutions": [
        {
            "index": 1,
            "makespan": 73.0,
            "load_balance": 6.110100926607787,
            "idle_time": 252.0,
            "schedule": [
                [
                    0,
                    4,
                    2,
                    0,
                    2,
                    3
                ],
                [
                    1,
                    2,
                    0,
                    3,
                    0
                ],
                [
                    1,
                    5,
                    5,
                    2,
                    0
                ],
                [
                    1,
                    1,
                    2,
                    4,
                    2
                ],
                [
                    1,
                    0,
                    1,
                    2,
                    1,
                    2
                ],
                [
                    5,
                    0,
                    5,
                    1,
                    0,
                    0
                ],
                [
                    5,
                    3,
                    5,
                    4,
                    2
                ],
                [
                    5,
                    2,
                    0,
                    1,
                    1
                ],
                [
                    5,
                    4,
                    3,
                    0,
                    5,
                    3
                ],
                [
                    2,
                    2,
                    4,
                    5,
                    1,
                    3
                ]
            ]
        },
        {
            "index": 2,
            "makespan": 73.0,
            "load_balance": 7.760297817881877,
            "idle_time": 250.0,
            "schedule": [
                [
                    0,
                    4,
                    2,
                    0,
                    2,
                    3
                ],
                [
                    1,
                    2,
                    0,
                    3,
                    0
                ],
                [
                    1,
                    5,
                    5,
                    2,
                    0
                ],
                [
                    1,
                    1,
                    2,
                    4,
                    2
                ],
                [
                    1,
                    0,
                    1,
                    2,
                    1,
                    2
                ],
                [
                    5,
                    0,
                    5,
                    1,
                    0,
                    0
                ],
                [
                    5,
                    3,
                    5,
                    4,
                    2
                ],
                [
                    5,
                    2,
                    0,
                    1,
                    1
                ],
                [
                    5,
                    4,
                    3,
                    0,
                    5,
                    3
                ],
                [
                    2,
                    2,
                    2,
                    5,
                    1,
                    3
                ]
            ]
        },
        {
            "index": 3,
            "makespan": 87.0,
            "load_balance": 3.815174380753199,
            "idle_time": 313.0,
            "schedule": [
                [
                    0,
                    2,
                    5,
                    0,
                    2,
                    3
                ],
                [
                    1,
                    2,
                    0,
                    3,
                    0
                ],
                [
                    1,
                    5,
                    5,
                    5,
                    4
                ],
                [
                    1,
                    1,
                    2,
                    2,
                    2
                ],
                [
                    1,
                    0,
                    1,
                    2,
                    1,
                    1
                ],
                [
                    5,
                    0,
                    5,
                    1,
                    1,
                    3
                ],
                [
                    5,
                    0,
                    2,
                    4,
                    2
                ],
                [
                    2,
                    5,
                    5,
                    1,
                    3
                ],
                [
                    5,
                    4,
                    2,
                    0,
                    2,
                    3
                ],
                [
                    5,
                    1,
                    4,
                    5,
                    1,
                    0
                ]
            ]
        },
        {
            "index": 4,
            "makespan": 87.0,
            "load_balance": 3.872983346207417,
            "idle_time": 311.0,
            "schedule": [
                [
                    0,
                    2,
                    5,
                    0,
                    2,
                    3
                ],
                [
                    1,
                    2,
                    0,
                    3,
                    0
                ],
                [
                    1,
                    5,
                    5,
                    5,
                    4
                ],
                [
                    1,
                    1,
                    2,
                    2,
                    2
                ],
                [
                    1,
                    0,
                    1,
                    2,
                    1,
                    1
                ],
                [
                    5,
                    0,
                    5,
                    1,
                    1,
                    3
                ],
                [
                    5,
                    0,
                    5,
                    4,
                    2
                ],
                [
                    2,
                    5,
                    5,
                    1,
                    3
                ],
                [
                    5,
                    4,
                    2,
                    0,
                    2,
                    3
                ],
                [
                    5,
                    1,
                    4,
                    5,
                    1,
                    0
                ]
            ]
        },
        {
            "index": 5,
            "makespan": 86.0,
            "load_balance": 4.153311931459037,
            "idle_time": 308.0,