{
    "algorithm": "without Adaptive Crossover",
    "runtime": 93.96084427833557,
    "solutions": [
        {
            "index": 1,
            "makespan": 357.0,
            "load_balance": 10.107423014794623,
            "idle_time": 837.0,
            "schedule": [
                [
                    1,
                    0,
                    1,
                    3,
                    3
                ],
                [
                    4,
                    2,
                    0,
                    1,
                    2
                ],
                [
                    2,
                    3,
                    2,
                    1,
                    3
                ],
                [
                    0,
                    4,
                    1,
                    1,
                    0
                ],
                [
                    4,
                    2,
                    2,
                    3,
                    3
                ],
                [
                    4,
                    2,
                    0,
                    1,
                    0
                ],
                [
                    3,
                    0,
                    0,
                    0,
                    1
                ],
                [
                    3,
                    2,
                    1,
                    1,
                    1
                ],
                [
                    4,
                    3,
                    4,
                    3,
                    0
                ],
                [
                    4,
                    4,
                    2,
                    3,
                    4
                ],
                [
                    3,
                    4,
                    4,
                    4,
                    0
                ],
                [
                    2,
                    2,
                    0,
                    3,
                    2
                ],
                [
                    4,
                    3,
                    3,
                    2,
                    1
                ],
                [
                    4,
                    0,
                    4,
                    0,
                    2
                ],
                [
                    4,
                    4,
                    4,
                    4,
                    4
                ],
                [
                    0,
                    3,
                    1,
                    0,
                    3
                ],
                [
                    2,
                    2,
                    0,
                    0,
                    2
                ],
                [
                    1,
                    1,
                    2,
                    2,
                    0
                ],
                [
                    4,
                    4,
                    1,
                    3,
                    4
                ],
                [
                    3,
                    1,
                    3,
                    4,
                    0
                ]
            ]
        },
        {
            "index": 2,
            "makespan": 356.0,
            "load_balance": 10.380751417888785,
            "idle_time": 840.0,
            "schedule": [
                [
                    1,
                    0,
                    1,
                    3,
                    3
                ],
                [
                    4,
                    2,
                    0,
                    1,
                    2
                ],
                [
                    2,
                    3,
                    2,
                    1,
                    3
                ],
                [
                    0,
                    4,
                    1,
                    1,
                    0
                ],
                [
                    4,
                    2,
                    2,
                    3,
                    3
                ],
                [
                    4,
                    2,
                    0,
                    1,
                    0
                ],
                [
                    3,
                    0,
                    0,
                    0,
                    1
                ],
                [
                    3,
                    2,
                    1,
                    1,
                    1
                ],
                [
                    4,
                    3,
                    4,
                    3,
                    0
                ],
                [
                    4,
                    4,
                    2,
                    3,
                    2
                ],
                [
                    3,
                    4,
                    4,
                    4,
                    0
                ],
                [
                    2,
                    2,
                    0,
                    3,
                    2
                ],
                [
                    4,
                    3,
                    3,
                    2,
                    1
                ],
                [
                    4,
                    0,
                    4,
                    0,
                    2
                ],
                [
                    4,
                    4,
                    4,
                    3,
                    4
                ],
                [
                    0,
                    3,
                    1,
                    0,
                    3
                ],
                [
                    2,
                    2,
                    0,
                    0,
                    2
                ],
                [
                    1,
                    1,
                    2,
                    2,
                    0
                ],
                [
                    4,
                    4,
                    1,
                    3,
                    4
                ],
                [
                    3,
                    1,
                    3,
                    4,
                    0
                ]
            ]
        },
        {
            "index": 3,
            "makespan": 356.0,
            "load_balance": 10.380751417888785,
            "idle_time": 840.0,