{
    "algorithm": "without Archive",
    "runtime": 77.38465619087219,
    "solutions": [
        {
            "index": 1,
            "makespan": 265.0,
            "load_balance": 114.2317332832208,
            "idle_time": 1697.0,
            "schedule": [
                [
                    6,
                    0,
                    8,
                    0,
                    6,
                    0,
                    0,
                    8,
                    0,
                    4,
                    6,
                    1,
                    9,
                    8,
                    8
                ],
                [
                    0,
                    0,
                    0,
                    1,
                    6,
                    0,
                    9,
                    4,
                    8,
                    6,
                    0,
                    0,
                    7,
                    1,
                    8
                ],
                [
                    0,
                    4,
                    0,
                    6,
                    1,
                    0,
                    0,
                    8,
                    8,
                    6,
                    0,
                    9,
                    8,
                    0,
                    6
                ],
                [
                    4,
                    4,
                    1,
                    1,
                    6,
                    0,
                    6,
                    0,
                    8,
                    0,
                    6,
                    0,
                    8,
                    4,
                    7
                ],
                [
                    9,
                    0,
                    0,
                    0,
                    6,
                    1,
                    0,
                    8,
                    6,
                    0,
                    8,
                    6,
                    8,
                    0,
                    6
                ],
                [
                    4,
                    1,
                    4,
                    4,
                    8,
                    6,
                    0,
                    1,
                    8,
                    6,
                    0,
                    8,
                    0,
                    0,
                    7
                ],
                [
                    4,
                    3,
                    6,
                    0,
                    0,
                    0,
                    1,
                    8,
                    8,
                    0,
                    0,
                    6,
                    4,
                    6,
                    4
                ],
                [
                    1,
                    8,
                    6,
                    0,
                    0,
                    8,
                    9,
                    0,
                    0,
                    6,
                    0,
                    6,
                    0,
                    4,
                    4
                ],
                [
                    8,
                    8,
                    6,
                    8,
                    1,
                    6,
                    0,
                    9,
                    0,
                    0,
                    8,
                    8,
                    4,
                    0,
                    0
                ],
                [
                    0,
                    6,
                    9,
                    6,
                    8,
                    0,
                    4,
                    0,
                    8,
                    8,
                    0,
                    0,
                    0,
                    6,
                    0
                ]
            ]
        },
        {
            "index": 2,
            "makespan": 264.0,
            "load_balance": 117.20174439354088,
            "idle_time": 1425.0,