{
    "algorithm": "without Hybrid Init",
    "runtime": 113.36583733558655,
    "solutions": [
        {
            "index": 1,
            "makespan": 82.0,
            "load_balance": 4.358898943540674,
            "idle_time": 278.0,
            "schedule": [
                [
                    2,
                    2,
                    2,
                    0,
                    2,
                    3
                ],
                [
                    1,
                    2,
                    0,
                    3,
                    0
                ],
                [
                    1,
                    5,
                    5,
                    2,
                    4
                ],
                [
                    1,
                    1,
                    2,
                    2,
                    2
                ],
                [
                    1,
                    0,
                    1,
                    0,
                    1,
                    1
                ],
                [
                    2,
                    0,
                    2,
                    1,
                    1,
                    3
                ],
                [
                    5,
                    0,
                    2,
                    0,
                    2
                ],
                [
                    5,
                    5,
                    5,
                    1,
                    1
                ],
                [
                    5,
                    4,
                    2,
                    0,
                    5,
                    3
                ],
                [
                    2,
                    2,
                    4,
                    5,
                    1,
                    0
                ]
            ]
        },
        {
            "index": 2,
            "makespan": 79.0,
            "load_balance": 6.6687496745808525,
            "idle_time": 262.0,
            "schedule": [
                [
                    2,
                    2,
                    2,
                    0,
                    2,
                    3
                ],
                [
                    1,
                    2,
                    0,
                    3,
                    0
                ],
                [
                    1,
                    5,
                    5,
                    5,
                    4
                ],
                [
                    1,
                    1,
                    2,
                    4,
                    5
                ],
                [
                    1,
                    0,
                    1,
                    0,
                    1,
                    1
                ],
                [
                    2,
                    0,
                    2,
                    1,
                    1,
                    3
                ],
                [
                    5,
                    0,
                    2,
                    0,
                    2
                ],
                [
                    5,
                    5,
                    5,
                    1,
                    3
                ],
                [
                    5,
                    4,
                    5,
                    0,
                    5,
                    3
                ],
                [
                    2,
                    2,
                    4,
                    5,
                    1,
                    0
                ]
            ]
        },
        {
            "index": 3,
            "makespan": 81.0,
            "load_balance": 4.358898943540674,
            "idle_time": 281.0,
            "schedule": [
                [
                    2,
                    2,
                    2,
                    0,
                    2,
                    3
                ],
                [
                    1,
                    2,
                    0,
                    3,
                    0
                ],
                [
                    1,
                    5,
                    5,
                    5,
                    4
                ],
                [
                    1,
                    1,
                    2,
                    4,
                    5
                ],
                [
                    1,
                    0,
                    1,
                    2,
                    1,
                    1
                ],
                [
                    5,
                    0,
                    2,
                    1,
                    1,
                    3
                ],
                [
                    5,
                    0,
                    2,
                    0,
                    2
                ],
                [
                    5,
                    5,
                    5,
                    1,
                    1
                ],
                [
                    5,
                    0,
                    2,
                    0,
                    5,
                    3
                ],
                [
                    2,
                    2,
                    4,
                    5,
                    1,
                    0
                ]
            ]
        },
        {
            "index": 4,
            "makespan": 78.0,
            "load_balance": 5.07991688470939,
            "idle_time": 270.0,
            "schedule": [
                [
                    2,
                    2,
                    2,
                    0,
                    2,
                    3
                ],
                [
                    1,
                    2,
                    0,
                    3,
                    0
                ],
                [
                    1,
                    5,
                    5,
                    2,
                    4
                ],
                [
                    1,
                    1,
                    2,
                    4,
                    5
                ],
                [
                    1,
                    0,
                    1,
                    2,
                    1,
                    1
                ],
                [
                    5,
                    0,
                    2,
                    1,
                    1,
                    3
                ],
                [
                    5,
                    0,
                    2,
                    4,
                    2
                ],
                [
                    5,
                    5,
                    5,
                    1,
                    3
                ],
                [
                    5,
                    0,
                    2,
                    0,
                    5,
                    3
                ],
                [
                    2,
                    2,
                    4,
                    5,
                    1,
                    0
                ]
            ]
        },
        {
            "index": 5,
            "makespan": 79.0,
            "load_balance": 6.256108126374487,
            "idle_time": 264.0,