{
    "algorithm": "without Hybrid Init",
    "runtime": 98.84853196144104,
    "solutions": [
        {
            "index": 1,
            "makespan": 355.0,
            "load_balance": 11.16422858956229,
            "idle_time": 860.0,
            "schedule": [
                [
                    1,
                    0,
                    1,
                    3,
                    2
                ],
                [
                    4,
                    4,
                    1,
                    4,
                    4
                ],
                [
                    4,
                    3,
                    3,
                    1,
                    3
                ],
                [
                    0,
                    4,
                    2,
                    0,
                    2
                ],
                [
                    4,
                    0,
                    2,
                    3,
                    3
                ],
                [
                    4,
                    2,
                    0,
                    0,
                    0
                ],
                [
                    3,
                    4,
                    1,
                    2,
                    4
                ],
                [
                    3,
                    3,
                    1,
                    1,
                    1
                ],
                [
                    4,
                    4,
                    4,
                    2,
                    4
                ],
                [
                    0,
                    3,
                    0,
                    3,
                    4
                ],
                [
                    3,
                    4,
                    4,
                    4,
                    4
                ],
                [
                    2,
                    1,
                    2,
                    1,
                    1
                ],
                [
                    0,
                    3,
                    3,
                    0,
                    1
                ],
                [
                    2,
                    0,
                    4,
                    0,
                    2
                ],
                [
                    4,
                    4,
                    4,
                    1,
                    4
                ],
                [
                    3,
                    3,
                    1,
                    0,
                    3
                ],
                [
                    4,
                    4,
                    0,
                    0,
                    0
                ],
                [
                    1,
                    1,
                    2,
                    0,
                    0
                ],
                [
                    2,
                    3,
                    1,
                    3,
                    4
                ],
                [
                    3,
                    1,
                    3,
                    4,
                    2
                ]
            ]
        },
        {
            "index": 2,
            "makespan": 353.0,
            "load_balance": 11.16422858956229,
            "idle_time": 871.0,
            "schedule": [
                [
                    1,
                    0,
                    1,
                    3,
                    2
                ],
                [
                    4,
                    4,
                    1,
                    4,
                    0
                ],
                [
                    4,
                    3,
                    3,
                    1,
                    3
                ],
                [
                    0,
                    4,
                    0,
                    0,
                    2
                ],
                [
                    4,
                    0,
                    2,
                    3,
                    3
                ],
                [
                    4,
                    0,
                    0,
                    0,
                    0
                ],
                [
                    3,
                    4,
                    1,
                    2,
                    4
                ],
                [
                    3,
                    3,
                    1,
                    1,
                    1
                ],
                [
                    4,
                    4,
                    4,
                    2,
                    4
                ],
                [
                    0,
                    3,
                    0,
                    3,
                    4
                ],
                [
                    3,
                    4,
                    4,
                    4,
                    4
                ],
                [
                    2,
                    1,
                    2,
                    1,
                    1
                ],
                [
                    0,
                    3,
                    3,
                    0,
                    1
                ],
                [
                    2,
                    0,
                    4,
                    0,
                    2
                ],
                [
                    4,
                    4,
                    4,
                    1,
                    4
                ],
                [
                    3,
                    3,
                    1,
                    0,
                    3
                ],
                [
                    4,
                    4,
                    0,
                    0,
                    0
                ],
                [
                    1,
                    1,
                    2,
                    0,
                    0
                ],
                [
                    2,
                    3,
                    1,
                    3,
                    4
                ],
                [
                    3,
                    1,
                    3,
                    4,
                    2
                ]
            ]
        },
        {
            "index": 3,
            "makespan": 366.0,
            "load_balance": 11.160645142642965,
            "idle_time": 885.0,